13.809424;;;;;;;
 13.881245;;;;;;;
 13.809424;;;;;;;
 13.809424;;;;;;;
 13.881245;;;;;;;
 13.881245;;;;;;;
 13.881245;;;;;;;
 13.881245;;;;;;;
 13.881245;;;;;;;
 13.809424;;;;;;;
 13.809424;;;;;;;
 13.881245;;;;;;;
 13.881245;;;;;;;
 13.881245;;;;;;;
 13.881245;;;;;;;
 13.881245;;;;;;;
 13.881245;;;;;;;
 13.881245;;;;;;;
 13.809424;;;;;;;
 13.809424;;;;;;;
 13.881245;;;;;;;
 13.881245;;;;;;;
 13.809424;;;;;;;
 13.881245;;;;;;;
 13.881245;;;;;;;
 13.881245;;;;;;;
 13.809424;;;;;;;
 13.881245;;;;;;;
 13.809424;;;;;;;
 13.809424;;;;;;;
 13.809424;;;;;;;
 13.881245;;;;;;;
 13.809424;;;;;;;
 13.881245;;;;;;;
 13.881245;;;;;;;
 13.881245;;;;;;;
 13.881245;;;;;;;
 13.809424;;;;;;;
 13.809424;;;;;;;
 13.809424;;;;;;;
 13.881245;;;;;;;
 13.881245;;;;;;;
 13.809424;;;;;;;
 13.881245;;;;;;;
 13.809424;;;;;;;
 13.881245;;;;;;;
 13.881245;;;;;;;
 13.809424;;;;;;;
 13.881245;;;;;;;
 13.881245;;;;;;;
 13.881245;;;;;;;
 13.881245;;;;;;;
 13.953115;;;;;;;
 13.881245;;;;;;;
 13.809424;;;;;;;
 13.809424;;;;;;;
 13.881245;;;;;;;
 13.809424;;;;;;;
 13.881245;;;;;;;
 13.881245;;;;;;;
 13.881245;;;;;;;
 13.809424;;;;;;;
 13.881245;;;;;;;
 13.881245;;;;;;;
 13.809424;;;;;;;
 13.809424;;;;;;;
 13.881245;;;;;;;
 13.809424;;;;;;;
 13.809424;;;;;;;
 13.881245;;;;;;;
 13.881245;;;;;;;
 13.881245;;;;;;;
 13.881245;;;;;;;
 13.881245;;;;;;;
 13.809424;;;;;;;
 13.881245;;;;;;;
 13.809424;;;;;;;
 13.881245;;;;;;;
 13.881245;;;;;;;
 13.881245;;;;;;;
 13.881245;;;;;;;
 13.881245;;;;;;;
 13.809424;;;;;;;
 13.881245;;;;;;;
 13.809424;;;;;;;
 13.881245;;;;;;;
 13.881245;;;;;;;
 13.809424;;;;;;;
 13.881245;;;;;;;
 13.881245;;;;;;;
 13.809424;;;;;;;
 13.881245;;;;;;;
 13.809424;;;;;;;
 13.881245;;;;;;;
 13.881245;;;;;;;
 13.881245;;;;;;;
 13.881245;;;;;;;
 13.881245;;;;;;;
 13.881245;;;;;;;
 13.809424;;;;;;;
 13.809424;;;;;;;
 13.881245;;;;;;;
 13.881245;;;;;;;
 13.881245;;;;;;;
 13.881245;;;;;;;
 13.881245;;;;;;;
 13.809424;;;;;;;
 13.881245;;;;;;;
 13.809424;;;;;;;
 13.809424;;;;;;;
 13.881245;;;;;;;
 13.881245;;;;;;;
 13.881245;;;;;;;
 13.881245;;;;;;;
 13.881245;;;;;;;
 13.809424;;;;;;;
 13.881245;;;;;;;
 13.809424;;;;;;;
 13.809424;;;;;;;
 13.881245;;;;;;;
 13.881245;;;;;;;
 13.809424;;;;;;;
 13.809424;;;;;;;
 13.881245;;;;;;;
 13.809424;;;;;;;
 13.881245;;;;;;;
 13.881245;;;;;;;
 13.809424;;;;;;;
 13.809424;;;;;;;
 13.881245;;;;;;;
 13.881245;;;;;;;
 13.881245;;;;;;;
 13.881245;;;;;;;
 13.881245;;;;;;;
 13.881245;;;;;;;
 13.953115;;;;;;;
 13.881245;;;;;;;
 13.809424;;;;;;;
 13.881245;;;;;;;
 13.881245;;;;;;;
 13.881245;;;;;;;
 13.881245;;;;;;;
 13.809424;;;;;;;
 13.809424;;;;;;;
 13.881245;;;;;;;
 13.881245;;;;;;;
 13.881245;;;;;;;
 13.881245;;;;;;;
 13.881245;;;;;;;
 13.809424;;;;;;;
 13.881245;;;;;;;
 13.881245;;;;;;;
 13.881245;;;;;;;
 13.881245;;;;;;;
 13.881245;;;;;;;
 13.881245;;;;;;;
 13.809424;;;;;;;
 13.809424;;;;;;;
 13.881245;;;;;;;
 13.881245;;;;;;;
 13.881245;;;;;;;
 13.881245;;;;;;;
 13.809424;;;;;;;
 13.809424;;;;;;;
 13.881245;;;;;;;
 13.881245;;;;;;;
 13.881245;;;;;;;
 13.881245;;;;;;;
 13.881245;;;;;;;
 13.809424;;;;;;;
 13.881245;;;;;;;
 13.881245;;;;;;;
 13.953115;;;;;;;
 13.881245;;;;;;;
 13.809424;;;;;;;
 13.809424;;;;;;;
 13.809424;;;;;;;
 13.881245;;;;;;;
 13.881245;;;;;;;
 13.881245;;;;;;;
 13.809424;;;;;;;
 13.881245;;;;;;;
 13.809424;;;;;;;
 13.809424;;;;;;;
 13.809424;;;;;;;
 13.881245;;;;;;;
 13.809424;;;;;;;
 13.881245;;;;;;;
 13.881245;;;;;;;
 13.881245;;;;;;;
 13.881245;;;;;;;
 13.881245;;;;;;;
 13.809424;;;;;;;
 13.881245;;;;;;;
 13.881245;;;;;;;
 13.881245;;;;;;;
 13.809424;;;;;;;
 13.881245;;;;;;;
 13.881245;;;;;;;
 13.881245;;;;;;;
 13.809424;;;;;;;
 13.881245;;;;;;;
 13.881245;;;;;;;
 13.881245;;;;;;;
 13.809424;;;;;;;
 13.881245;;;;;;;
 13.881245;;;;;;;
 13.881245;;;;;;;
 13.881245;;;;;;;
 13.881245;;;;;;;
 13.881245;;;;;;;
 13.881245;;;;;;;
 13.881245;;;;;;;
 13.881245;;;;;;;
 13.881245;;;;;;;
 13.881245;;;;;;;
 13.809424;;;;;;;
 13.881245;;;;;;;
 13.881245;;;;;;;
 13.809424;;;;;;;
 13.881245;;;;;;;
 13.809424;;;;;;;
 13.809424;;;;;;;
 13.881245;;;;;;;
 13.881245;;;;;;;
 13.809424;;;;;;;
 13.809424;;;;;;;
 13.809424;;;;;;;
 13.881245;;;;;;;
 13.881245;;;;;;;
 13.881245;;;;;;;
 13.809424;;;;;;;
 13.809424;;;;;;;
 13.881245;;;;;;;
 13.881245;;;;;;;
 13.809424;;;;;;;
 13.881245;;;;;;;
 13.881245;;;;;;;
 13.881245;;;;;;;
 13.881245;;;;;;;
 13.809424;;;;;;;
 13.881245;;;;;;;
 13.881245;;;;;;;
 13.881245;;;;;;;
 13.809424;;;;;;;
 13.881245;;;;;;;
 13.809424;;;;;;;
 13.881245;;;;;;;
 13.881245;;;;;;;
 13.881245;;;;;;;
 13.881245;;;;;;;
 13.881245;;;;;;;
 13.881245;;;;;;;
 13.809424;;;;;;;
 13.881245;;;;;;;
 13.881245;;;;;;;
 13.881245;;;;;;;
 13.809424;;;;;;;
 13.809424;;;;;;;
 13.881245;;;;;;;
 13.881245;;;;;;;
 13.881245;;;;;;;
 13.881245;;;;;;;
 13.809424;;;;;;;
 13.881245;;;;;;;
 13.881245;;;;;;;
 13.881245;;;;;;;
 13.881245;;;;;;;
 13.881245;;;;;;;
 13.809424;;;;;;;
 13.809424;;;;;;;
 13.881245;;;;;;;
 13.881245;;;;;;;
 13.809424;;;;;;;
 13.881245;;;;;;;
 13.881245;;;;;;;
 13.809424;;;;;;;
 13.881245;;;;;;;
 13.809424;;;;;;;
 13.881245;;;;;;;
 13.737682;;;;;;;
 13.881245;;;;;;;
 13.809424;;;;;;;
 13.809424;;;;;;;
 13.881245;;;;;;;
 13.809424;;;;;;;
 13.881245;;;;;;;
 13.809424;;;;;;;
 13.809424;;;;;;;
 13.809424;;;;;;;
 13.809424;;;;;;;
 13.881245;;;;;;;
 13.809424;;;;;;;
 13.881245;;;;;;;
 13.881245;;;;;;;
 13.809424;;;;;;;
 13.809424;;;;;;;
 13.809424;;;;;;;
 13.881245;;;;;;;
 13.809424;;;;;;;
 13.809424;;;;;;;
 13.881245;;;;;;;
 13.881245;;;;;;;
 13.881245;;;;;;;
 13.881245;;;;;;;
 13.809424;;;;;;;
 13.881245;;;;;;;
 13.809424;;;;;;;
 13.881245;;;;;;;
 13.881245;;;;;;;
 13.881245;;;;;;;
 13.881245;;;;;;;
 13.881245;;;;;;;
 13.881245;;;;;;;
 13.881245;;;;;;;
 13.881245;;;;;;;
 13.809424;;;;;;;
 13.881245;;;;;;;
 13.809424;;;;;;;
 13.881245;;;;;;;
 13.881245;;;;;;;
 13.881245;;;;;;;
 13.809424;;;;;;;
 13.881245;;;;;;;
 13.881245;;;;;;;
 13.809424;;;;;;;
 13.809424;;;;;;;
 13.809424;;;;;;;
 13.809424;;;;;;;
 13.809424;;;;;;;
 13.809424;;;;;;;
 13.809424;;;;;;;
 13.881245;;;;;;;
 13.881245;;;;;;;
 13.809424;;;;;;;
 13.881245;;;;;;;
 13.881245;;;;;;;
 13.809424;;;;;;;
 13.881245;;;;;;;
 13.881245;;;;;;;
 13.881245;;;;;;;
 13.881245;;;;;;;
 13.809424;;;;;;;
 13.881245;;;;;;;
 13.809424;;;;;;;
 13.881245;;;;;;;
 13.881245;;;;;;;
 13.809424;;;;;;;
 13.809424;;;;;;;
 13.881245;;;;;;;
 13.881245;;;;;;;
 13.881245;;;;;;;
 13.881245;;;;;;;
 13.809424;;;;;;;
 13.881245;;;;;;;
 13.881245;;;;;;;
 13.881245;;;;;;;
 13.809424;;;;;;;
 13.881245;;;;;;;
 13.881245;;;;;;;
 13.881245;;;;;;;
 13.881245;;;;;;;
 13.881245;;;;;;;
 13.881245;;;;;;;
 13.881245;;;;;;;
 13.809424;;;;;;;
 13.809424;;;;;;;
 13.809424;;;;;;;
 13.881245;;;;;;;
 13.881245;;;;;;;
 13.881245;;;;;;;
 13.881245;;;;;;;
 13.881245;;;;;;;
 13.881245;;;;;;;
 13.809424;;;;;;;
 13.881245;;;;;;;
 13.809424;;;;;;;
 13.809424;;;;;;;
 13.953115;;;;;;;
 13.881245;;;;;;;
 13.809424;;;;;;;
 13.881245;;;;;;;
 13.881245;;;;;;;
 13.881245;;;;;;;
 13.881245;;;;;;;
 13.881245;;;;;;;
 13.881245;;;;;;;
 13.809424;;;;;;;
 13.809424;;;;;;;
 13.881245;;;;;;;
 13.881245;;;;;;;
 13.809424;;;;;;;
 13.809424;;;;;;;
 13.881245;;;;;;;
 13.953115;;;;;;;
 13.881245;;;;;;;
 13.809424;;;;;;;
 13.881245;;;;;;;
 13.881245;;;;;;;
 13.809424;;;;;;;
 13.809424;;;;;;;
 13.881245;;;;;;;
 13.809424;;;;;;;
 13.809424;;;;;;;
 13.881245;;;;;;;
 13.809424;;;;;;;
 13.809424;;;;;;;
 13.881245;;;;;;;
 13.809424;;;;;;;
 13.881245;;;;;;;
 13.809424;;;;;;;
 13.881245;;;;;;;
 13.881245;;;;;;;
 13.881245;;;;;;;
 13.809424;;;;;;;
 13.809424;;;;;;;
 13.881245;;;;;;;
 13.881245;;;;;;;
 13.809424;;;;;;;
 13.881245;;;;;;;
 13.809424;;;;;;;
 13.809424;;;;;;;
 13.881245;;;;;;;
 13.809424;;;;;;;
 13.881245;;;;;;;
 13.809424;;;;;;;
 13.881245;;;;;;;
 13.881245;;;;;;;
 13.809424;;;;;;;
 13.809424;;;;;;;
 13.881245;;;;;;;
 13.809424;;;;;;;
 13.881245;;;;;;;
 13.809424;;;;;;;
 13.881245;;;;;;;
 13.809424;;;;;;;
 13.881245;;;;;;;
 13.809424;;;;;;;
 13.881245;;;;;;;
 13.809424;;;;;;;
 13.809424;;;;;;;
 13.881245;;;;;;;
 13.953115;;;;;;;
 13.881245;;;;;;;
 13.809424;;;;;;;
 13.881245;;;;;;;
 13.881245;;;;;;;
 13.881245;;;;;;;
 13.881245;;;;;;;
 13.809424;;;;;;;
 13.809424;;;;;;;
 13.881245;;;;;;;
 13.881245;;;;;;;
 13.881245;;;;;;;
 13.881245;;;;;;;
 13.881245;;;;;;;
 13.881245;;;;;;;
 13.809424;;;;;;;
 13.881245;;;;;;;
 13.881245;;;;;;;
 13.881245;;;;;;;
 13.809424;;;;;;;
 13.809424;;;;;;;
 13.809424;;;;;;;
 13.809424;;;;;;;
 13.881245;;;;;;;
 13.809424;;;;;;;
 13.881245;;;;;;;
 13.881245;;;;;;;
 13.881245;;;;;;;
 13.881245;;;;;;;
 13.809424;;;;;;;
 13.809424;;;;;;;
 13.809424;;;;;;;
 13.809424;;;;;;;
 13.881245;;;;;;;
 13.881245;;;;;;;
 13.881245;;;;;;;
 13.881245;;;;;;;
 13.881245;;;;;;;
 13.881245;;;;;;;
 13.881245;;;;;;;
 13.809424;;;;;;;
 13.881245;;;;;;;
 13.881245;;;;;;;
 13.881245;;;;;;;
 13.881245;;;;;;;
 13.809424;;;;;;;
 13.809424;;;;;;;
 13.881245;;;;;;;
 13.881245;;;;;;;
 13.881245;;;;;;;
 13.809424;;;;;;;
 13.881245;;;;;;;
 13.881245;;;;;;;
 13.881245;;;;;;;
 13.809424;;;;;;;
 13.809424;;;;;;;
 13.881245;;;;;;;
 13.953115;;;;;;;
 13.881245;;;;;;;
 13.881245;;;;;;;
 13.881245;;;;;;;
 13.881245;;;;;;;
 13.809424;;;;;;;
 13.881245;;;;;;;
 13.881245;;;;;;;
 13.881245;;;;;;;
 13.881245;;;;;;;
 13.881245;;;;;;;
 13.881245;;;;;;;
 13.881245;;;;;;;
 13.881245;;;;;;;
 13.809424;;;;;;;
 13.881245;;;;;;;
 13.809424;;;;;;;
 13.809424;;;;;;;
 13.809424;;;;;;;
 13.809424;;;;;;;
 13.809424;;;;;;;
 13.809424;;;;;;;
 13.881245;;;;;;;
 13.881245;;;;;;;
 13.881245;;;;;;;
 13.881245;;;;;;;
 13.881245;;;;;;;
 13.881245;;;;;;;
 13.881245;;;;;;;
 13.809424;;;;;;;
 13.809424;;;;;;;
 13.881245;;;;;;;
 13.809424;;;;;;;
 13.809424;;;;;;;
 13.881245;;;;;;;
 13.881245;;;;;;;
 13.881245;;;;;;;
 13.881245;;;;;;;
 13.809424;;;;;;;
 13.809424;;;;;;;
 13.881245;;;;;;;
 13.809424;;;;;;;
 13.809424;;;;;;;
 13.809424;;;;;;;
 13.881245;;;;;;;
 13.881245;;;;;;;
 13.809424;;;;;;;
 13.881245;;;;;;;
 13.881245;;;;;;;
 13.881245;;;;;;;
 13.809424;;;;;;;
 13.881245;;;;;;;
 13.809424;;;;;;;
 13.881245;;;;;;;
 13.809424;;;;;;;
 13.809424;;;;;;;
 13.881245;;;;;;;
 13.881245;;;;;;;
 13.809424;;;;;;;
 13.881245;;;;;;;
 13.881245;;;;;;;
 13.881245;;;;;;;
 13.881245;;;;;;;
 13.881245;;;;;;;
 13.809424;;;;;;;
 13.881245;;;;;;;
 13.809424;;;;;;;
 13.809424;;;;;;;
 13.881245;;;;;;;
 13.809424;;;;;;;
 13.809424;;;;;;;
 13.809424;;;;;;;
 13.881245;;;;;;;
 13.881245;;;;;;;
 13.881245;;;;;;;
 13.881245;;;;;;;
 13.881245;;;;;;;
 13.881245;;;;;;;
 13.881245;;;;;;;
 13.881245;;;;;;;
 13.809424;;;;;;;
 13.809424;;;;;;;
 13.881245;;;;;;;
 13.809424;;;;;;;
 13.881245;;;;;;;
 13.953115;;;;;;;
 13.881245;;;;;;;
 13.809424;;;;;;;
 13.881245;;;;;;;
 13.881245;;;;;;;
 13.809424;;;;;;;
 13.809424;;;;;;;
 13.881245;;;;;;;
 13.881245;;;;;;;
 13.881245;;;;;;;
 13.809424;;;;;;;
 13.881245;;;;;;;
 13.881245;;;;;;;
 13.881245;;;;;;;
 13.881245;;;;;;;
 13.809424;;;;;;;
 13.809424;;;;;;;
 13.881245;;;;;;;
 13.881245;;;;;;;
 13.881245;;;;;;;
 13.881245;;;;;;;
 13.881245;;;;;;;
 13.881245;;;;;;;
 13.881245;;;;;;;
 13.809424;;;;;;;
 13.809424;;;;;;;
 13.881245;;;;;;;
 13.881245;;;;;;;
 13.809424;;;;;;;
 13.881245;;;;;;;
 13.881245;;;;;;;
 13.809424;;;;;;;
 13.881245;;;;;;;
 13.881245;;;;;;;
 13.881245;;;;;;;
 13.881245;;;;;;;
 13.881245;;;;;;;
 13.881245;;;;;;;
 13.881245;;;;;;;
 13.881245;;;;;;;
 13.881245;;;;;;;
 13.809424;;;;;;;
 13.881245;;;;;;;
 13.809424;;;;;;;
 13.809424;;;;;;;
 13.809424;;;;;;;
 13.809424;;;;;;;
 13.809424;;;;;;;
 13.881245;;;;;;;
 13.881245;;;;;;;
 13.881245;;;;;;;
 13.809424;;;;;;;
 13.881245;;;;;;;
 13.881245;;;;;;;
 13.881245;;;;;;;
 13.881245;;;;;;;
 13.809424;;;;;;;
 13.881245;;;;;;;
 13.881245;;;;;;;
 13.881245;;;;;;;
 13.881245;;;;;;;
 13.881245;;;;;;;
 13.881245;;;;;;;
 13.881245;;;;;;;
 13.881245;;;;;;;
 13.881245;;;;;;;
 13.881245;;;;;;;
 13.881245;;;;;;;
 13.881245;;;;;;;
 13.881245;;;;;;;
 13.809424;;;;;;;
 13.881245;;;;;;;
 13.881245;;;;;;;
 13.881245;;;;;;;
 13.809424;;;;;;;
 13.881245;;;;;;;
 13.881245;;;;;;;
 13.881245;;;;;;;
 13.881245;;;;;;;
 13.881245;;;;;;;
 13.809424;;;;;;;
 13.809424;;;;;;;
 13.809424;;;;;;;
 13.809424;;;;;;;
 13.809424;;;;;;;
 13.809424;;;;;;;
 13.881245;;;;;;;
 13.881245;;;;;;;
 13.881245;;;;;;;
 13.953115;;;;;;;
 13.881245;;;;;;;
 13.881245;;;;;;;
 13.881245;;;;;;;
 13.809424;;;;;;;
 13.809424;;;;;;;
 13.881245;;;;;;;
 13.809424;;;;;;;
 13.881245;;;;;;;
 13.881245;;;;;;;
 13.809424;;;;;;;
 13.881245;;;;;;;
 13.881245;;;;;;;
 13.881245;;;;;;;
 13.809424;;;;;;;
 13.809424;;;;;;;
 13.881245;;;;;;;
 13.809424;;;;;;;
 13.881245;;;;;;;
 13.809424;;;;;;;
 13.881245;;;;;;;
 13.881245;;;;;;;
 13.881245;;;;;;;
 13.881245;;;;;;;
 13.881245;;;;;;;
 13.809424;;;;;;;
 13.809424;;;;;;;
 13.881245;;;;;;;
 13.809424;;;;;;;
 13.881245;;;;;;;
 13.881245;;;;;;;
 13.881245;;;;;;;
 13.881245;;;;;;;
 13.881245;;;;;;;
 13.881245;;;;;;;
 13.881245;;;;;;;
 13.881245;;;;;;;
 13.881245;;;;;;;
 13.809424;;;;;;;
 13.809424;;;;;;;
 13.881245;;;;;;;
 13.881245;;;;;;;
 13.881245;;;;;;;
 13.881245;;;;;;;
 13.881245;;;;;;;
 13.881245;;;;;;;
 13.881245;;;;;;;
 13.881245;;;;;;;
 13.809424;;;;;;;
 13.809424;;;;;;;
 13.881245;;;;;;;
 13.809424;;;;;;;
 13.881245;;;;;;;
 13.881245;;;;;;;
 13.809424;;;;;;;
 13.809424;;;;;;;
 13.881245;;;;;;;
 13.881245;;;;;;;
 13.881245;;;;;;;
 13.881245;;;;;;;
 13.881245;;;;;;;
 13.881245;;;;;;;
 13.881245;;;;;;;
 13.809424;;;;;;;
 13.881245;;;;;;;
 13.881245;;;;;;;
 13.881245;;;;;;;
 13.881245;;;;;;;
 13.809424;;;;;;;
 13.881245;;;;;;;
 13.881245;;;;;;;
 13.809424;;;;;;;
 13.881245;;;;;;;
 13.881245;;;;;;;
 13.881245;;;;;;;
 13.881245;;;;;;;
 13.881245;;;;;;;
 13.809424;;;;;;;
 13.809424;;;;;;;
 13.881245;;;;;;;
 13.881245;;;;;;;
 13.881245;;;;;;;
 13.809424;;;;;;;
 13.881245;;;;;;;
 13.881245;;;;;;;
 13.881245;;;;;;;
 13.881245;;;;;;;
 13.809424;;;;;;;
 13.881245;;;;;;;
 13.881245;;;;;;;
 13.881245;;;;;;;
 13.809424;;;;;;;
 13.881245;;;;;;;
 13.809424;;;;;;;
 13.881245;;;;;;;
 13.881245;;;;;;;
 13.881245;;;;;;;
 13.881245;;;;;;;
 13.881245;;;;;;;
 13.881245;;;;;;;
 13.809424;;;;;;;
 13.809424;;;;;;;
 13.881245;;;;;;;
 13.809424;;;;;;;
 13.881245;;;;;;;
 13.881245;;;;;;;
 13.809424;;;;;;;
 13.809424;;;;;;;
 13.881245;;;;;;;
 13.881245;;;;;;;
 13.881245;;;;;;;
 13.881245;;;;;;;
 13.809424;;;;;;;
 13.881245;;;;;;;
 13.881245;;;;;;;
 13.881245;;;;;;;
 13.881245;;;;;;;
 13.809424;;;;;;;
 13.881245;;;;;;;
 13.881245;;;;;;;
 13.881245;;;;;;;
 13.881245;;;;;;;
 13.881245;;;;;;;
 13.881245;;;;;;;
 13.881245;;;;;;;
 13.881245;;;;;;;
 13.809424;;;;;;;
 13.881245;;;;;;;
 13.881245;;;;;;;
 13.809424;;;;;;;
 13.881245;;;;;;;
 13.881245;;;;;;;
 13.881245;;;;;;;
 13.809424;;;;;;;
 13.881245;;;;;;;
 13.809424;;;;;;;
 13.881245;;;;;;;
 13.881245;;;;;;;
 13.881245;;;;;;;
 13.881245;;;;;;;
 13.881245;;;;;;;
 13.881245;;;;;;;
 13.809424;;;;;;;
 13.881245;;;;;;;
 13.953115;;;;;;;
 13.809424;;;;;;;
 13.809424;;;;;;;
 13.881245;;;;;;;
 13.881245;;;;;;;
 13.809424;;;;;;;
 13.881245;;;;;;;
 13.881245;;;;;;;
 13.809424;;;;;;;
 13.881245;;;;;;;
 13.881245;;;;;;;
 13.809424;;;;;;;
 13.881245;;;;;;;
 13.881245;;;;;;;
 13.881245;;;;;;;
 13.881245;;;;;;;
 13.881245;;;;;;;
 13.881245;;;;;;;
 13.809424;;;;;;;
 13.881245;;;;;;;
 13.881245;;;;;;;
 13.809424;;;;;;;
 13.881245;;;;;;;
 13.881245;;;;;;;
 13.881245;;;;;;;
 13.881245;;;;;;;
 13.881245;;;;;;;
 13.881245;;;;;;;
 13.881245;;;;;;;
 13.881245;;;;;;;
 13.809424;;;;;;;
 13.881245;;;;;;;
 13.881245;;;;;;;
 13.881245;;;;;;;
 13.809424;;;;;;;
 13.881245;;;;;;;
 13.809424;;;;;;;
 13.953115;;;;;;;
 13.881245;;;;;;;
 13.881245;;;;;;;
 13.809424;;;;;;;
 13.881245;;;;;;;
 13.809424;;;;;;;
 13.881245;;;;;;;
 13.881245;;;;;;;
 13.881245;;;;;;;
 13.881245;;;;;;;
 13.881245;;;;;;;
 13.881245;;;;;;;
 13.881245;;;;;;;
 13.809424;;;;;;;
 13.881245;;;;;;;
 13.881245;;;;;;;
 13.881245;;;;;;;
 13.881245;;;;;;;
 13.881245;;;;;;;
 13.881245;;;;;;;
 13.809424;;;;;;;
 13.881245;;;;;;;
 13.809424;;;;;;;
 13.881245;;;;;;;
 13.881245;;;;;;;
 13.881245;;;;;;;
 13.881245;;;;;;;
 13.881245;;;;;;;
 13.881245;;;;;;;
 13.881245;;;;;;;
 13.881245;;;;;;;
 13.881245;;;;;;;
 13.809424;;;;;;;
 13.881245;;;;;;;
 13.881245;;;;;;;
 13.881245;;;;;;;
 13.809424;;;;;;;
 13.881245;;;;;;;
 13.881245;;;;;;;
 13.809424;;;;;;;
 13.881245;;;;;;;
 13.881245;;;;;;;
 13.881245;;;;;;;
 13.809424;;;;;;;
 13.809424;;;;;;;
 13.881245;;;;;;;
 13.881245;;;;;;;
 13.881245;;;;;;;
 13.881245;;;;;;;
 13.881245;;;;;;;
 13.881245;;;;;;;
 13.881245;;;;;;;
 13.881245;;;;;;;
 13.881245;;;;;;;
 13.809424;;;;;;;
 13.881245;;;;;;;
 13.881245;;;;;;;
 13.881245;;;;;;;
 13.881245;;;;;;;
 13.881245;;;;;;;
 13.953115;;;;;;;
 13.809424;;;;;;;
 13.881245;;;;;;;
 13.881245;;;;;;;
 13.881245;;;;;;;
 13.881245;;;;;;;
 13.881245;;;;;;;
 13.881245;;;;;;;
 13.809424;;;;;;;
 13.881245;;;;;;;
 13.809424;;;;;;;
 13.809424;;;;;;;
 13.809424;;;;;;;
 13.881245;;;;;;;
 13.809424;;;;;;;
 13.881245;;;;;;;
 13.881245;;;;;;;
 13.809424;;;;;;;
 13.881245;;;;;;;
 13.881245;;;;;;;
 13.809424;;;;;;;
 13.881245;;;;;;;
 13.809424;;;;;;;
 13.881245;;;;;;;
 13.809424;;;;;;;
 13.881245;;;;;;;
 13.809424;;;;;;;
 13.809424;;;;;;;
 13.881245;;;;;;;
 13.881245;;;;;;;
 13.881245;;;;;;;
 13.881245;;;;;;;
 13.881245;;;;;;;
 13.881245;;;;;;;
 13.881245;;;;;;;
 13.881245;;;;;;;
 13.809424;;;;;;;
 13.809424;;;;;;;
 13.881245;;;;;;;
 13.809424;;;;;;;
 13.881245;;;;;;;
 13.809424;;;;;;;
 13.953115;;;;;;;
 13.881245;;;;;;;
 13.881245;;;;;;;
 13.881245;;;;;;;
 13.881245;;;;;;;
 13.881245;;;;;;;
 13.881245;;;;;;;
 13.881245;;;;;;;
 13.881245;;;;;;;
 13.881245;;;;;;;
 13.881245;;;;;;;
 13.809424;;;;;;;
 13.881245;;;;;;;
 13.809424;;;;;;;
 13.881245;;;;;;;
 13.953115;;;;;;;
 13.881245;;;;;;;
 13.881245;;;;;;;
 13.881245;;;;;;;
 13.809424;;;;;;;
 13.809424;;;;;;;
 13.809424;;;;;;;
 13.881245;;;;;;;
 13.881245;;;;;;;
 13.809424;;;;;;;
 13.881245;;;;;;;
 13.881245;;;;;;;
 13.809424;;;;;;;
 13.809424;;;;;;;
 13.809424;;;;;;;
 13.809424;;;;;;;
 13.809424;;;;;;;
 13.881245;;;;;;;
 13.809424;;;;;;;
 13.881245;;;;;;;
 13.809424;;;;;;;
 13.881245;;;;;;;
 13.881245;;;;;;;
 13.809424;;;;;;;
 13.809424;;;;;;;
 13.881245;;;;;;;
 13.881245;;;;;;;
 13.881245;;;;;;;
 13.881245;;;;;;;
 13.881245;;;;;;;
 14.097137;;;;;;;
 14.676275;;;;;;;
 14.967699;;;;;;;
 15.407142;;;;;;;
 15.701662;;;;;;;
 16.071510;;;;;;;
 16.368776;;;;;;;
 16.592518;;;;;;;
 16.816959;;;;;;;
 15.997394;;;;;;;
 17.267845;;;;;;;
 17.494314;;;;;;;
 17.645676;;;;;;;
 17.797356;;;;;;;
 17.797356;;;;;;;
 18.025389;;;;;;;
 18.101578;;;;;;;
 18.330545;;;;;;;
 18.025389;;;;;;;
 18.407001;;;;;;;
 18.177818;;;;;;;
 18.636871;;;;;;;
 18.560192;;;;;;;
 18.790483;;;;;;;
 18.944410;;;;;;;
 18.867418;;;;;;;
 18.944410;;;;;;;
 18.944410;;;;;;;
 19.098648;;;;;;;
 19.640760;;;;;;;
 18.636871;;;;;;;
 19.098648;;;;;;;
 19.175879;;;;;;;
 19.098648;;;;;;;
 19.098648;;;;;;;
 19.175879;;;;;;;
 19.175879;;;;;;;
 19.175879;;;;;;;
 19.175879;;;;;;;
 19.253149;;;;;;;
 19.098648;;;;;;;
 19.175879;;;;;;;
 19.175879;;;;;;;
 19.175879;;;;;;;
 19.253149;;;;;;;
 19.330547;;;;;;;
 18.944410;;;;;;;
 19.330547;;;;;;;
 19.407969;;;;;;;
 18.483549;;;;;;;
 19.330547;;;;;;;
 19.098648;;;;;;;
 19.021481;;;;;;;
 19.021481;;;;;;;
 19.407969;;;;;;;
 19.407969;;;;;;;
 19.330547;;;;;;;
 19.407969;;;;;;;
 19.407969;;;;;;;
 19.407969;;;;;;;
 19.330547;;;;;;;
 19.098648;;;;;;;
 19.021481;;;;;;;
 19.407969;;;;;;;
 19.407969;;;;;;;
 19.253149;;;;;;;
 19.098648;;;;;;;
 19.485481;;;;;;;
 19.330547;;;;;;;
 19.330547;;;;;;;
 19.407969;;;;;;;
 19.407969;;;;;;;
 19.485481;;;;;;;
 19.485481;;;;;;;
 19.253149;;;;;;;
 19.485481;;;;;;;
 19.485481;;;;;;;
 19.563087;;;;;;;
 19.796349;;;;;;;
 19.330547;;;;;;;
 19.175879;;;;;;;
 19.407969;;;;;;;
 18.867418;;;;;;;
 19.485481;;;;;;;
 19.485481;;;;;;;
 19.175879;;;;;;;
 19.175879;;;;;;;
 19.485481;;;;;;;
 19.253149;;;;;;;
 19.563087;;;;;;;
 19.874239;;;;;;;
 19.485481;;;;;;;
 19.563087;;;;;;;
 19.563087;;;;;;;
 19.563087;;;;;;;
 19.563087;;;;;;;
 19.563087;;;;;;;
 19.563087;;;;;;;
 19.563087;;;;;;;
 19.563087;;;;;;;
 19.563087;;;;;;;
 19.563087;;;;;;;
 19.407969;;;;;;;
 19.563087;;;;;;;
 19.485481;;;;;;;
 19.563087;;;;;;;
 19.098648;;;;;;;
 19.640760;;;;;;;
 19.253149;;;;;;;
 18.636871;;;;;;;
 19.563087;;;;;;;
 19.640760;;;;;;;
 19.640760;;;;;;;
 19.796349;;;;;;;
 19.563087;;;;;;;
 20.108377;;;;;;;
 20.893681;;;;;;;
 19.563087;;;;;;;
 19.175879;;;;;;;
 19.253149;;;;;;;
 19.330547;;;;;;;
 19.640760;;;;;;;
 18.177818;;;;;;;
 19.640760;;;;;;;
 19.563087;;;;;;;
 19.640760;;;;;;;
 19.640760;;;;;;;
 19.640760;;;;;;;
 19.640760;;;;;;;
 19.253149;;;;;;;
 19.640760;;;;;;;
 19.640760;;;;;;;
 19.640760;;;;;;;
 19.640760;;;;;;;
 19.563087;;;;;;;
 19.718519;;;;;;;
 19.640760;;;;;;;
 19.640760;;;;;;;
 19.640760;;;;;;;
 19.640760;;;;;;;
 19.640760;;;;;;;
 19.330547;;;;;;;
 19.485481;;;;;;;
 19.640760;;;;;;;
 19.563087;;;;;;;
 19.718519;;;;;;;
 19.640760;;;;;;;
 19.640760;;;;;;;
 19.640760;;;;;;;
 19.330547;;;;;;;
 19.640760;;;;;;;
 19.718519;;;;;;;
 19.330547;;;;;;;
 19.718519;;;;;;;
 18.407001;;;;;;;
 19.640760;;;;;;;
 19.718519;;;;;;;
 19.718519;;;;;;;
 20.264845;;;;;;;
 19.718519;;;;;;;
 19.718519;;;;;;;
 18.867418;;;;;;;
 19.253149;;;;;;;
 19.718519;;;;;;;
 19.718519;;;;;;;
 19.718519;;;;;;;
 19.407969;;;;;;;
 20.264845;;;;;;;
 19.330547;;;;;;;
 19.640760;;;;;;;
 19.718519;;;;;;;
 19.407969;;;;;;;
 19.796349;;;;;;;
 20.500101;;;;;;;
 19.718519;;;;;;;
 19.718519;;;;;;;
 19.640760;;;;;;;
 19.718519;;;;;;;
 19.485481;;;;;;;
 19.718519;;;;;;;
 19.718519;;;;;;;
 19.796349;;;;;;;
 19.563087;;;;;;;
 19.330547;;;;;;;
 19.407969;;;;;;;
 19.796349;;;;;;;
 19.796349;;;;;;;
 18.944410;;;;;;;
 19.718519;;;;;;;
 19.407969;;;;;;;
 19.874239;;;;;;;
 19.796349;;;;;;;
 19.796349;;;;;;;
 19.640760;;;;;;;
 19.796349;;;;;;;
 19.952209;;;;;;;
 20.264845;;;;;;;
 19.407969;;;;;;;
 19.796349;;;;;;;
 19.640760;;;;;;;
 19.718519;;;;;;;
 19.718519;;;;;;;
 19.796349;;;;;;;
 19.796349;;;;;;;
 19.718519;;;;;;;
 19.796349;;;;;;;
 19.485481;;;;;;;
 19.796349;;;;;;;
 19.330547;;;;;;;
 19.796349;;;;;;;
 19.874239;;;;;;;
 19.407969;;;;;;;
 19.796349;;;;;;;
 19.796349;;;;;;;
 19.796349;;;;;;;
 19.796349;;;;;;;
 19.796349;;;;;;;
 19.952209;;;;;;;
 19.485481;;;;;;;
 20.578653;;;;;;;
 19.718519;;;;;;;
 19.718519;;;;;;;
 19.796349;;;;;;;
 19.796349;;;;;;;
 19.796349;;;;;;;
 19.796349;;;;;;;
 19.874239;;;;;;;
 19.796349;;;;;;;
 19.796349;;;;;;;
 19.796349;;;;;;;
 19.485481;;;;;;;
 19.407969;;;;;;;
 19.796349;;;;;;;
 19.718519;;;;;;;
 19.796349;;;;;;;
 19.796349;;;;;;;
 19.796349;;;;;;;
 19.407969;;;;;;;
 19.718519;;;;;;;
 19.796349;;;;;;;
 19.485481;;;;;;;
 19.796349;;;;;;;
 19.796349;;;;;;;
 19.874239;;;;;;;
 19.874239;;;;;;;
 19.796349;;;;;;;
 19.640760;;;;;;;
 19.874239;;;;;;;
 19.796349;;;;;;;
 19.718519;;;;;;;
 19.796349;;;;;;;
 19.874239;;;;;;;
 19.874239;;;;;;;
 19.796349;;;;;;;
 19.563087;;;;;;;
 19.874239;;;;;;;
 19.874239;;;;;;;
 19.874239;;;;;;;
 19.874239;;;;;;;
 19.796349;;;;;;;
 19.796349;;;;;;;
 20.186575;;;;;;;
 19.796349;;;;;;;
 19.874239;;;;;;;
 19.796349;;;;;;;
 19.796349;;;;;;;
 19.021481;;;;;;;
 19.874239;;;;;;;
 19.874239;;;;;;;
 19.874239;;;;;;;
 20.030241;;;;;;;
 19.874239;;;;;;;
 19.796349;;;;;;;
 19.874239;;;;;;;
 19.874239;;;;;;;
 19.563087;;;;;;;
 19.874239;;;;;;;
 20.343199;;;;;;;
 19.796349;;;;;;;
 19.718519;;;;;;;
 19.640760;;;;;;;
 19.796349;;;;;;;
 20.030241;;;;;;;
 20.578653;;;;;;;
 19.874239;;;;;;;
 19.874239;;;;;;;
 19.874239;;;;;;;
 19.874239;;;;;;;
 19.485481;;;;;;;
 19.874239;;;;;;;
 19.874239;;;;;;;
 19.796349;;;;;;;
 19.874239;;;;;;;
 19.874239;;;;;;;
 19.485481;;;;;;;
 19.874239;;;;;;;
 19.874239;;;;;;;
 19.874239;;;;;;;
 19.952209;;;;;;;
 19.874239;;;;;;;
 19.796349;;;;;;;
 19.874239;;;;;;;
 19.485481;;;;;;;
 19.952209;;;;;;;
 19.563087;;;;;;;
 19.874239;;;;;;;
 19.952209;;;;;;;
 19.874239;;;;;;;
 19.952209;;;;;;;
 19.952209;;;;;;;
 19.952209;;;;;;;
 18.867418;;;;;;;
 20.108377;;;;;;;
 19.563087;;;;;;;
 19.874239;;;;;;;
 19.874239;;;;;;;
 20.030241;;;;;;;
 19.874239;;;;;;;
 19.874239;;;;;;;
 19.874239;;;;;;;
 19.874239;;;;;;;
 18.790483;;;;;;;
 19.952209;;;;;;;
 19.485481;;;;;;;
 20.030241;;;;;;;
 19.952209;;;;;;;
 19.485481;;;;;;;
 19.952209;;;;;;;
 19.952209;;;;;;;
 20.030241;;;;;;;
 19.874239;;;;;;;
 19.952209;;;;;;;
 19.485481;;;;;;;
 19.874239;;;;;;;
 20.030241;;;;;;;
 19.563087;;;;;;;
 19.485481;;;;;;;
 19.640760;;;;;;;
 19.952209;;;;;;;
 19.952209;;;;;;;
 20.030241;;;;;;;
 20.108377;;;;;;;
 19.952209;;;;;;;
 19.485481;;;;;;;
 19.874239;;;;;;;
 19.952209;;;;;;;
 19.874239;;;;;;;
 19.952209;;;;;;;
 20.343199;;;;;;;
 19.796349;;;;;;;
 19.952209;;;;;;;
 19.952209;;;;;;;
 19.485481;;;;;;;
 19.874239;;;;;;;
 19.952209;;;;;;;
 19.952209;;;;;;;
 19.874239;;;;;;;
 19.952209;;;;;;;
 19.952209;;;;;;;
 19.952209;;;;;;;
 19.952209;;;;;;;
 19.563087;;;;;;;
 19.874239;;;;;;;
 19.874239;;;;;;;
 20.108377;;;;;;;
 19.952209;;;;;;;
 19.952209;;;;;;;
 19.952209;;;;;;;
 19.952209;;;;;;;
 19.952209;;;;;;;
 19.952209;;;;;;;
 19.563087;;;;;;;
 19.485481;;;;;;;
 19.874239;;;;;;;
 20.030241;;;;;;;
 19.175879;;;;;;;
 19.952209;;;;;;;
 20.264845;;;;;;;
 19.952209;;;;;;;
 20.578653;;;;;;;
 19.952209;;;;;;;
 19.952209;;;;;;;
 19.952209;;;;;;;
 19.952209;;;;;;;
 19.952209;;;;;;;
 19.874239;;;;;;;
 19.952209;;;;;;;
 19.952209;;;;;;;
 19.640760;;;;;;;
 19.952209;;;;;;;
 19.874239;;;;;;;
 19.874239;;;;;;;
 19.952209;;;;;;;
 20.657326;;;;;;;
 19.952209;;;;;;;
 19.952209;;;;;;;
 19.952209;;;;;;;
 20.736042;;;;;;;
 19.952209;;;;;;;
 19.874239;;;;;;;
 19.952209;;;;;;;
 19.952209;;;;;;;
 19.874239;;;;;;;
 19.952209;;;;;;;
 19.952209;;;;;;;
 19.952209;;;;;;;
 19.874239;;;;;;;
 19.485481;;;;;;;
 19.874239;;;;;;;
 20.108377;;;;;;;
 19.952209;;;;;;;
 19.874239;;;;;;;
 19.485481;;;;;;;
 19.952209;;;;;;;
 19.021481;;;;;;;
 20.030241;;;;;;;
 19.952209;;;;;;;
 19.952209;;;;;;;
 20.030241;;;;;;;
 20.030241;;;;;;;
 19.952209;;;;;;;
 19.874239;;;;;;;
 19.952209;;;;;;;
 19.874239;;;;;;;
 19.952209;;;;;;;
 20.030241;;;;;;;
 19.952209;;;;;;;
 19.952209;;;;;;;
 19.640760;;;;;;;
 20.030241;;;;;;;
 20.030241;;;;;;;
 19.952209;;;;;;;
 19.952209;;;;;;;
 20.030241;;;;;;;
 20.421597;;;;;;;
 19.640760;;;;;;;
 19.952209;;;;;;;
 19.952209;;;;;;;
 19.563087;;;;;;;
 20.030241;;;;;;;
 19.952209;;;;;;;
 20.030241;;;;;;;
 19.952209;;;;;;;
 19.796349;;;;;;;
 19.952209;;;;;;;
 19.796349;;;;;;;
 19.952209;;;;;;;
 19.952209;;;;;;;
 19.952209;;;;;;;
 19.640760;;;;;;;
 20.030241;;;;;;;
 19.952209;;;;;;;
 19.952209;;;;;;;
 19.952209;;;;;;;
 20.030241;;;;;;;
 20.736042;;;;;;;
 19.952209;;;;;;;
 19.952209;;;;;;;
 19.952209;;;;;;;
 19.952209;;;;;;;
 20.500101;;;;;;;
 19.098648;;;;;;;
 19.952209;;;;;;;
 20.343199;;;;;;;
 19.640760;;;;;;;
 19.640760;;;;;;;
 19.563087;;;;;;;
 20.030241;;;;;;;
 19.796349;;;;;;;
 19.952209;;;;;;;
 19.952209;;;;;;;
 19.640760;;;;;;;
 20.030241;;;;;;;
 20.972652;;;;;;;
 19.952209;;;;;;;
 19.874239;;;;;;;
 19.718519;;;;;;;
 19.952209;;;;;;;
 19.952209;;;;;;;
 19.952209;;;;;;;
 19.952209;;;;;;;
 19.563087;;;;;;;
 20.030241;;;;;;;
 20.030241;;;;;;;
 19.874239;;;;;;;
 19.952209;;;;;;;
 18.944410;;;;;;;
 20.030241;;;;;;;
 19.485481;;;;;;;
 19.952209;;;;;;;
 19.021481;;;;;;;
 20.030241;;;;;;;
 19.640760;;;;;;;
 20.030241;;;;;;;
 20.814829;;;;;;;
 20.108377;;;;;;;
 20.030241;;;;;;;
 19.952209;;;;;;;
 20.030241;;;;;;;
 20.030241;;;;;;;
 20.030241;;;;;;;
 19.952209;;;;;;;
 20.030241;;;;;;;
 20.030241;;;;;;;
 19.952209;;;;;;;
 19.952209;;;;;;;
 20.030241;;;;;;;
 20.030241;;;;;;;
 19.952209;;;;;;;
 19.952209;;;;;;;
 20.030241;;;;;;;
 20.030241;;;;;;;
 19.563087;;;;;;;
 19.640760;;;;;;;
 19.952209;;;;;;;
 19.952209;;;;;;;
 20.030241;;;;;;;
 20.657326;;;;;;;
 20.030241;;;;;;;
 20.108377;;;;;;;
 19.952209;;;;;;;
 19.952209;;;;;;;
 20.030241;;;;;;;
 19.253149;;;;;;;
 19.952209;;;;;;;
 20.030241;;;;;;;
 20.030241;;;;;;;
 19.563087;;;;;;;
 20.264845;;;;;;;
 19.874239;;;;;;;
 20.030241;;;;;;;
 19.952209;;;;;;;
 20.030241;;;;;;;
 20.030241;;;;;;;
 19.952209;;;;;;;
 20.030241;;;;;;;
 19.640760;;;;;;;
 19.952209;;;;;;;
 18.407001;;;;;;;
 20.030241;;;;;;;
 19.952209;;;;;;;
 20.030241;;;;;;;
 20.030241;;;;;;;
 19.952209;;;;;;;
 20.030241;;;;;;;
 19.563087;;;;;;;
 20.030241;;;;;;;
 20.030241;;;;;;;
 19.718519;;;;;;;
 18.867418;;;;;;;
 19.952209;;;;;;;
 19.952209;;;;;;;
 19.640760;;;;;;;
 20.030241;;;;;;;
 19.718519;;;;;;;
 20.030241;;;;;;;
 20.030241;;;;;;;
 20.030241;;;;;;;
 20.108377;;;;;;;
 20.108377;;;;;;;
 20.108377;;;;;;;
 20.108377;;;;;;;
 19.640760;;;;;;;
 19.952209;;;;;;;
 20.030241;;;;;;;
 19.952209;;;;;;;
 20.030241;;;;;;;
 20.030241;;;;;;;
 19.718519;;;;;;;
 19.952209;;;;;;;
 20.030241;;;;;;;
 20.030241;;;;;;;
 19.874239;;;;;;;
 20.030241;;;;;;;
 19.563087;;;;;;;
 19.952209;;;;;;;
 19.718519;;;;;;;
 19.952209;;;;;;;
 20.030241;;;;;;;
 18.867418;;;;;;;
 20.108377;;;;;;;
 19.796349;;;;;;;
 19.874239;;;;;;;
 19.563087;;;;;;;
 20.108377;;;;;;;
 19.952209;;;;;;;
 20.030241;;;;;;;
 20.108377;;;;;;;
 20.108377;;;;;;;
 20.030241;;;;;;;
 19.640760;;;;;;;
 20.108377;;;;;;;
 19.952209;;;;;;;
 20.030241;;;;;;;
 20.108377;;;;;;;
 20.030241;;;;;;;
 19.952209;;;;;;;
 20.657326;;;;;;;
 20.108377;;;;;;;
 20.030241;;;;;;;
 20.030241;;;;;;;
 19.718519;;;;;;;
 19.640760;;;;;;;
 19.718519;;;;;;;
 20.030241;;;;;;;
 19.718519;;;;;;;
 20.108377;;;;;;;
 19.874239;;;;;;;
 20.030241;;;;;;;
 19.640760;;;;;;;
 20.030241;;;;;;;
 20.030241;;;;;;;
 20.030241;;;;;;;
 19.718519;;;;;;;
 20.030241;;;;;;;
 20.030241;;;;;;;
 19.952209;;;;;;;
 20.108377;;;;;;;
 20.108377;;;;;;;
 20.030241;;;;;;;
 20.030241;;;;;;;
 20.030241;;;;;;;
 20.030241;;;;;;;
 20.030241;;;;;;;
 19.640760;;;;;;;
 20.108377;;;;;;;
 20.030241;;;;;;;
 20.030241;;;;;;;
 19.718519;;;;;;;
 20.108377;;;;;;;
 19.952209;;;;;;;
 20.030241;;;;;;;
 20.030241;;;;;;;
 20.030241;;;;;;;
 20.030241;;;;;;;
 20.108377;;;;;;;
 20.108377;;;;;;;
 20.030241;;;;;;;
 20.500101;;;;;;;
 19.952209;;;;;;;
 20.030241;;;;;;;
 19.640760;;;;;;;
 19.952209;;;;;;;
 19.952209;;;;;;;
 20.186575;;;;;;;
 20.030241;;;;;;;
 20.030241;;;;;;;
 20.030241;;;;;;;
 19.640760;;;;;;;
 20.108377;;;;;;;
 20.108377;;;;;;;
 20.030241;;;;;;;
 20.421597;;;;;;;
 19.952209;;;;;;;
 20.030241;;;;;;;
 20.030241;;;;;;;
 20.030241;;;;;;;
 19.640760;;;;;;;
 20.030241;;;;;;;
 20.030241;;;;;;;
 19.874239;;;;;;;
 19.874239;;;;;;;
 20.030241;;;;;;;
 19.952209;;;;;;;
 20.030241;;;;;;;
 20.030241;;;;;;;
 20.893681;;;;;;;
 20.030241;;;;;;;
 19.952209;;;;;;;
 19.952209;;;;;;;
 20.030241;;;;;;;
 19.952209;;;;;;;
 19.952209;;;;;;;
 20.030241;;;;;;;
 20.030241;;;;;;;
 20.030241;;;;;;;
 19.952209;;;;;;;
 20.108377;;;;;;;
 20.186575;;;;;;;
 20.030241;;;;;;;
 19.563087;;;;;;;
 19.640760;;;;;;;
 19.640760;;;;;;;
 20.030241;;;;;;;
 20.108377;;;;;;;
 20.421597;;;;;;;
 20.186575;;;;;;;
 20.030241;;;;;;;
 20.030241;;;;;;;
 20.030241;;;;;;;
 20.030241;;;;;;;
 19.952209;;;;;;;
 19.952209;;;;;;;
 19.718519;;;;;;;
 20.030241;;;;;;;
 19.796349;;;;;;;
 20.030241;;;;;;;
 20.108377;;;;;;;
 20.030241;;;;;;;
 20.030241;;;;;;;
 20.030241;;;;;;;
 20.030241;;;;;;;
 19.952209;;;;;;;
 18.867418;;;;;;;
 20.030241;;;;;;;
 19.718519;;;;;;;
 20.343199;;;;;;;
 20.108377;;;;;;;
 20.030241;;;;;;;
 20.030241;;;;;;;
 19.952209;;;;;;;
 20.030241;;;;;;;
 19.718519;;;;;;;
 20.030241;;;;;;;
 18.177818;;;;;;;
 20.108377;;;;;;;
 20.972652;;;;;;;
 20.108377;;;;;;;
 20.108377;;;;;;;
 20.108377;;;;;;;
 20.030241;;;;;;;
 19.952209;;;;;;;
 20.108377;;;;;;;
 20.030241;;;;;;;
 19.563087;;;;;;;
 20.030241;;;;;;;
 20.108377;;;;;;;
 20.108377;;;;;;;
 20.030241;;;;;;;
 20.030241;;;;;;;
 20.186575;;;;;;;
 19.640760;;;;;;;
 20.030241;;;;;;;
 20.030241;;;;;;;
 20.030241;;;;;;;
 20.030241;;;;;;;
 20.030241;;;;;;;
 20.030241;;;;;;;
 20.736042;;;;;;;
 20.030241;;;;;;;
 20.030241;;;;;;;
 20.030241;;;;;;;
 20.030241;;;;;;;
 19.952209;;;;;;;
 20.030241;;;;;;;
 20.108377;;;;;;;
 19.952209;;;;;;;
 20.030241;;;;;;;
 19.952209;;;;;;;
 20.736042;;;;;;;
 19.952209;;;;;;;
 20.030241;;;;;;;
 20.108377;;;;;;;
 17.873287;;;;;;;
 19.874239;;;;;;;
 20.108377;;;;;;;
 19.952209;;;;;;;
 20.030241;;;;;;;
 20.030241;;;;;;;
 20.030241;;;;;;;
 20.108377;;;;;;;
 19.407969;;;;;;;
 20.657326;;;;;;;
 20.030241;;;;;;;
 20.030241;;;;;;;
 20.030241;;;;;;;
 20.030241;;;;;;;
 19.952209;;;;;;;
 20.030241;;;;;;;
 20.186575;;;;;;;
 20.108377;;;;;;;
 20.030241;;;;;;;
 20.030241;;;;;;;
 19.563087;;;;;;;
 20.030241;;;;;;;
 20.108377;;;;;;;
 19.952209;;;;;;;
 20.108377;;;;;;;
 19.563087;;;;;;;
 20.030241;;;;;;;
 19.718519;;;;;;;
 20.186575;;;;;;;
 20.030241;;;;;;;
 20.030241;;;;;;;
 19.952209;;;;;;;
 20.030241;;;;;;;
 19.952209;;;;;;;
 20.108377;;;;;;;
 20.030241;;;;;;;
 20.030241;;;;;;;
 19.796349;;;;;;;
 20.108377;;;;;;;
 20.030241;;;;;;;
 19.874239;;;;;;;
 20.030241;;;;;;;
 20.108377;;;;;;;
 20.108377;;;;;;;
 20.186575;;;;;;;
 19.407969;;;;;;;
 20.030241;;;;;;;
 20.814829;;;;;;;
 19.952209;;;;;;;
 20.030241;;;;;;;
 20.030241;;;;;;;
 20.030241;;;;;;;
 20.186575;;;;;;;
 19.640760;;;;;;;
 19.563087;;;;;;;
 20.030241;;;;;;;
 20.030241;;;;;;;
 20.030241;;;;;;;
 19.718519;;;;;;;
 20.030241;;;;;;;
 20.814829;;;;;;;
 20.108377;;;;;;;
 20.030241;;;;;;;
 20.030241;;;;;;;
 20.030241;;;;;;;
 20.030241;;;;;;;
 20.030241;;;;;;;
 19.563087;;;;;;;
 20.030241;;;;;;;
 19.640760;;;;;;;
 20.030241;;;;;;;
 20.030241;;;;;;;
 20.030241;;;;;;;
 20.030241;;;;;;;
 19.718519;;;;;;;
 19.952209;;;;;;;
 20.108377;;;;;;;
 19.874239;;;;;;;
 20.186575;;;;;;;
 20.030241;;;;;;;
 20.108377;;;;;;;
 20.186575;;;;;;;
 20.030241;;;;;;;
 20.030241;;;;;;;
 20.030241;;;;;;;
 20.030241;;;;;;;
 20.030241;;;;;;;
 20.030241;;;;;;;
 20.421597;;;;;;;
 20.030241;;;;;;;
 20.030241;;;;;;;
 19.952209;;;;;;;
 20.030241;;;;;;;
 20.030241;;;;;;;
 19.952209;;;;;;;
 20.030241;;;;;;;
 20.030241;;;;;;;
 20.030241;;;;;;;
 20.030241;;;;;;;
 20.030241;;;;;;;
 20.264845;;;;;;;
 20.500101;;;;;;;
 20.030241;;;;;;;
 19.952209;;;;;;;
 20.030241;;;;;;;
 20.030241;;;;;;;
 19.718519;;;;;;;
 19.640760;;;;;;;
 20.030241;;;;;;;
 20.108377;;;;;;;
 20.030241;;;;;;;
 20.030241;;;;;;;
 19.563087;;;;;;;
 19.640760;;;;;;;
 19.718519;;;;;;;
 20.030241;;;;;;;
 20.030241;;;;;;;
 19.952209;;;;;;;
 19.563087;;;;;;;
 20.030241;;;;;;;
 20.578653;;;;;;;
 20.030241;;;;;;;
 20.578653;;;;;;;
 20.030241;;;;;;;
 19.874239;;;;;;;
 20.030241;;;;;;;
 20.030241;;;;;;;
 20.030241;;;;;;;
 19.952209;;;;;;;
 20.030241;;;;;;;
 20.030241;;;;;;;
 19.952209;;;;;;;
 20.657326;;;;;;;
 20.030241;;;;;;;
 19.952209;;;;;;;
 20.186575;;;;;;;
 19.952209;;;;;;;
 20.030241;;;;;;;
 19.952209;;;;;;;
 20.030241;;;;;;;
 19.563087;;;;;;;
 20.108377;;;;;;;
 19.098648;;;;;;;
 19.718519;;;;;;;
 20.108377;;;;;;;
 20.030241;;;;;;;
 20.030241;;;;;;;
 20.030241;;;;;;;
 20.030241;;;;;;;
 20.030241;;;;;;;
 20.108377;;;;;;;
 20.893681;;;;;;;
 20.030241;;;;;;;
 20.186575;;;;;;;
 18.944410;;;;;;;
 19.952209;;;;;;;
 20.030241;;;;;;;
 20.030241;;;;;;;
 20.030241;;;;;;;
 20.030241;;;;;;;
 20.030241;;;;;;;
 20.030241;;;;;;;
 19.874239;;;;;;;
 20.030241;;;;;;;
 20.264845;;;;;;;
 20.108377;;;;;;;
 19.563087;;;;;;;
 19.952209;;;;;;;
 20.030241;;;;;;;
 20.030241;;;;;;;
 19.952209;;;;;;;
 20.030241;;;;;;;
 19.952209;;;;;;;
 20.030241;;;;;;;
 20.030241;;;;;;;
 20.030241;;;;;;;
 20.030241;;;;;;;
 20.030241;;;;;;;
 20.030241;;;;;;;
 20.030241;;;;;;;
 20.030241;;;;;;;
 20.030241;;;;;;;
 20.030241;;;;;;;
 20.030241;;;;;;;
 19.952209;;;;;;;
 19.021481;;;;;;;
 20.030241;;;;;;;
 20.108377;;;;;;;
 20.030241;;;;;;;
 20.030241;;;;;;;
 20.030241;;;;;;;
 20.030241;;;;;;;
 19.718519;;;;;;;
 20.186575;;;;;;;
 19.718519;;;;;;;
 20.030241;;;;;;;
 19.874239;;;;;;;
 19.718519;;;;;;;
 20.030241;;;;;;;
 20.030241;;;;;;;
 20.108377;;;;;;;
 19.175879;;;;;;;
 19.952209;;;;;;;
 20.030241;;;;;;;
 20.030241;;;;;;;
 20.108377;;;;;;;
 20.030241;;;;;;;
 20.030241;;;;;;;
 20.030241;;;;;;;
 18.867418;;;;;;;
 19.718519;;;;;;;
 20.030241;;;;;;;
 20.186575;;;;;;;
 19.640760;;;;;;;
 20.030241;;;;;;;
 20.108377;;;;;;;
 19.718519;;;;;;;
 20.108377;;;;;;;
 19.718519;;;;;;;
 20.030241;;;;;;;
 20.108377;;;;;;;
 19.640760;;;;;;;
 20.108377;;;;;;;
 20.108377;;;;;;;
 20.264845;;;;;;;
 19.021481;;;;;;;
 20.030241;;;;;;;
 20.264845;;;;;;;
 20.030241;;;;;;;
 19.640760;;;;;;;
 20.108377;;;;;;;
 19.640760;;;;;;;
 20.108377;;;;;;;
 20.108377;;;;;;;
 19.952209;;;;;;;
 20.030241;;;;;;;
 20.030241;;;;;;;
 20.108377;;;;;;;
 20.343199;;;;;;;
 20.108377;;;;;;;
 20.030241;;;;;;;
 19.563087;;;;;;;
 20.108377;;;;;;;
 18.025389;;;;;;;
 20.030241;;;;;;;
 20.186575;;;;;;;
 20.030241;;;;;;;
 19.718519;;;;;;;
 19.330547;;;;;;;
 18.944410;;;;;;;
 18.483549;;;;;;;
 18.177818;;;;;;;
 17.797356;;;;;;;
 17.569975;;;;;;;
 17.267845;;;;;;;
 16.966953;;;;;;;
 16.742064;;;;;;;
 16.517870;;;;;;;
 16.368776;;;;;;;
 16.071510;;;;;;;
 15.923338;;;;;;;
 15.775483;;;;;;;
 15.627920;;;;;;;
 15.480666;;;;;;;
 15.407142;;;;;;;
 15.260352;;;;;;;
 15.187086;;;;;;;
 15.040757;;;;;;;
 15.040757;;;;;;;
 14.821820;;;;;;;
 14.821820;;;;;;;
 14.676275;;;;;;;
 14.603601;;;;;;;
 14.603601;;;;;;;
 14.531014;;;;;;;
 14.458504;;;;;;;
 14.458504;;;;;;;
 14.386090;;;;;;;
 14.313721;;;;;;;
 14.313721;;;;;;;
 14.241453;;;;;;;
 14.241453;;;;;;;
 14.241453;;;;;;;
 14.169252;;;;;;;
 14.169252;;;;;;;
 14.169252;;;;;;;
 14.169252;;;;;;;
 14.097137;;;;;;;
 14.097137;;;;;;;
 14.097137;;;;;;;
 14.025079;;;;;;;
 14.025079;;;;;;;
 14.025079;;;;;;;
 13.953115;;;;;;;
 14.025079;;;;;;;
 13.953115;;;;;;;
 13.953115;;;;;;;
 14.025079;;;;;;;
 13.953115;;;;;;;
 13.953115;;;;;;;
 14.025079;;;;;;;
 13.881245;;;;;;;
 13.953115;;;;;;;
 13.953115;;;;;;;
 13.953115;;;;;;;
 13.953115;;;;;;;
 13.953115;;;;;;;
 13.881245;;;;;;;
 13.881245;;;;;;;
 13.881245;;;;;;;
 13.881245;;;;;;;
 13.881245;;;;;;;
 13.881245;;;;;;;
 13.881245;;;;;;;
 13.881245;;;;;;;
 13.881245;;;;;;;
 13.881245;;;;;;;
 13.881245;;;;;;;
 13.809424;;;;;;;
 13.881245;;;;;;;
 13.881245;;;;;;;
 13.881245;;;;;;;
 13.881245;;;;;;;
 13.809424;;;;;;;
 13.881245;;;;;;;
 13.881245;;;;;;;
 13.881245;;;;;;;
 13.809424;;;;;;;
 13.809424;;;;;;;
 13.881245;;;;;;;
 13.809424;;;;;;;
 13.809424;;;;;;;
 13.809424;;;;;;;
 13.809424;;;;;;;
 13.809424;;;;;;;
 13.881245;;;;;;;
 13.881245;;;;;;;
 13.809424;;;;;;;
 13.809424;;;;;;;
 13.881245;;;;;;;
 13.737682;;;;;;;
 13.809424;;;;;;;
 13.809424;;;;;;;
 13.809424;;;;;;;
 13.881245;;;;;;;
 13.881245;;;;;;;
 13.809424;;;;;;;
 13.809424;;;;;;;
 13.881245;;;;;;;
 13.809424;;;;;;;
 13.809424;;;;;;;
 13.809424;;;;;;;
 13.809424;;;;;;;
 13.881245;;;;;;;
 13.809424;;;;;;;
 13.881245;;;;;;;
 13.737682;;;;;;;
 13.809424;;;;;;;
 13.881245;;;;;;;
 13.809424;;;;;;;
 13.809424;;;;;;;
 13.881245;;;;;;;
 13.809424;;;;;;;
 13.809424;;;;;;;
 13.809424;;;;;;;
 13.809424;;;;;;;
 13.809424;;;;;;;
 13.809424;;;;;;;
 13.809424;;;;;;;
 13.737682;;;;;;;
 13.809424;;;;;;;
 13.809424;;;;;;;
 13.809424;;;;;;;
 13.809424;;;;;;;
 13.809424;;;;;;;
 13.809424;;;;;;;
 13.809424;;;;;;;
 13.809424;;;;;;;
 13.809424;;;;;;;
 13.809424;;;;;;;
 13.881245;;;;;;;
 13.809424;;;;;;;
 13.809424;;;;;;;
 13.809424;;;;;;;
 13.809424;;;;;;;
 13.809424;;;;;;;
 13.881245;;;;;;;
 13.809424;;;;;;;
 13.809424;;;;;;;
 13.809424;;;;;;;
 13.809424;;;;;;;
 13.809424;;;;;;;
 13.809424;;;;;;;
 13.809424;;;;;;;
 13.881245;;;;;;;
 13.809424;;;;;;;
 13.809424;;;;;;;
 13.809424;;;;;;;
 13.809424;;;;;;;
 13.809424;;;;;;;
 13.881245;;;;;;;
 13.809424;;;;;;;
 13.737682;;;;;;;
 13.809424;;;;;;;
 13.809424;;;;;;;
 13.809424;;;;;;;
 13.809424;;;;;;;
 13.809424;;;;;;;
 13.809424;;;;;;;
 13.809424;;;;;;;
 13.809424;;;;;;;
 13.809424;;;;;;;
 13.809424;;;;;;;
 13.809424;;;;;;;
 13.809424;;;;;;;
 13.881245;;;;;;;
 13.809424;;;;;;;
 13.809424;;;;;;;
 13.809424;;;;;;;
 13.809424;;;;;;;
 13.809424;;;;;;;
 13.809424;;;;;;;
 13.809424;;;;;;;
 13.809424;;;;;;;
 13.809424;;;;;;;
 13.809424;;;;;;;
 13.809424;;;;;;;
 13.809424;;;;;;;
 13.809424;;;;;;;
 13.881245;;;;;;;
 13.809424;;;;;;;
 13.809424;;;;;;;
 13.881245;;;;;;;
 13.881245;;;;;;;
 13.809424;;;;;;;
 13.809424;;;;;;;
 13.881245;;;;;;;
 13.809424;;;;;;;
 13.809424;;;;;;;
 13.809424;;;;;;;
 13.809424;;;;;;;
 13.809424;;;;;;;
 13.809424;;;;;;;
 13.809424;;;;;;;
 13.881245;;;;;;;
 13.809424;;;;;;;
 13.809424;;;;;;;
 13.809424;;;;;;;
 13.809424;;;;;;;
 13.809424;;;;;;;
 13.809424;;;;;;;
 13.809424;;;;;;;
 13.809424;;;;;;;
 13.809424;;;;;;;
 13.809424;;;;;;;
 13.881245;;;;;;;
 13.809424;;;;;;;
 13.809424;;;;;;;
 13.809424;;;;;;;
 13.809424;;;;;;;
 13.809424;;;;;;;
 13.809424;;;;;;;
 13.881245;;;;;;;
 13.881245;;;;;;;
 13.809424;;;;;;;
 13.809424;;;;;;;
 13.737682;;;;;;;
 13.809424;;;;;;;
 13.809424;;;;;;;
 13.809424;;;;;;;
 13.809424;;;;;;;
 13.881245;;;;;;;
 13.809424;;;;;;;
 13.809424;;;;;;;
 13.809424;;;;;;;
 13.809424;;;;;;;
 13.809424;;;;;;;
 13.809424;;;;;;;
 13.809424;;;;;;;
 13.809424;;;;;;;
 13.809424;;;;;;;
 13.809424;;;;;;;
 13.809424;;;;;;;
 13.809424;;;;;;;
 13.809424;;;;;;;
 13.809424;;;;;;;
 13.809424;;;;;;;
 13.809424;;;;;;;
 13.809424;;;;;;;
 13.809424;;;;;;;
 13.881245;;;;;;;
 13.881245;;;;;;;
 13.809424;;;;;;;
 13.809424;;;;;;;
 13.809424;;;;;;;
 13.881245;;;;;;;
 13.809424;;;;;;;
 13.881245;;;;;;;
 13.809424;;;;;;;
 13.809424;;;;;;;
 13.881245;;;;;;;
 13.809424;;;;;;;
 13.809424;;;;;;;
 13.809424;;;;;;;
 13.809424;;;;;;;
 13.737682;;;;;;;
 13.809424;;;;;;;
 13.809424;;;;;;;
 13.809424;;;;;;;
 13.809424;;;;;;;
 13.809424;;;;;;;
 13.809424;;;;;;;
 13.809424;;;;;;;
 13.809424;;;;;;;
 13.809424;;;;;;;
 13.809424;;;;;;;
 13.809424;;;;;;;
 13.809424;;;;;;;
 13.809424;;;;;;;
 13.809424;;;;;;;
 13.881245;;;;;;;
 13.809424;;;;;;;
 13.809424;;;;;;;
 13.809424;;;;;;;
 13.809424;;;;;;;
 13.809424;;;;;;;
 13.809424;;;;;;;
 13.809424;;;;;;;
 13.737682;;;;;;;
 13.809424;;;;;;;
 13.881245;;;;;;;
 13.809424;;;;;;;
 13.809424;;;;;;;
 13.809424;;;;;;;
 13.809424;;;;;;;
 13.809424;;;;;;;
 13.881245;;;;;;;
 13.809424;;;;;;;
 13.809424;;;;;;;
 13.809424;;;;;;;
 13.809424;;;;;;;
 13.809424;;;;;;;
 13.809424;;;;;;;
 13.881245;;;;;;;
 13.809424;;;;;;;
 13.809424;;;;;;;
 13.809424;;;;;;;
 13.881245;;;;;;;
 13.809424;;;;;;;
 13.881245;;;;;;;
 13.809424;;;;;;;
 13.809424;;;;;;;
 13.881245;;;;;;;
 13.809424;;;;;;;
 13.809424;;;;;;;
 13.809424;;;;;;;
 13.809424;;;;;;;
 13.809424;;;;;;;
 13.809424;;;;;;;
 13.809424;;;;;;;
 13.809424;;;;;;;
 13.809424;;;;;;;
 13.881245;;;;;;;
 13.809424;;;;;;;
 13.809424;;;;;;;
 13.881245;;;;;;;
 13.809424;;;;;;;
 13.737682;;;;;;;
 13.809424;;;;;;;
 13.809424;;;;;;;
 13.809424;;;;;;;
 13.809424;;;;;;;
 13.809424;;;;;;;
 13.809424;;;;;;;
 13.809424;;;;;;;
 13.809424;;;;;;;
 13.809424;;;;;;;
 13.809424;;;;;;;
 13.809424;;;;;;;
 13.881245;;;;;;;
 13.809424;;;;;;;
 13.881245;;;;;;;
 13.809424;;;;;;;
 13.881245;;;;;;;
 13.881245;;;;;;;
 13.809424;;;;;;;
 13.809424;;;;;;;
 13.809424;;;;;;;
 13.809424;;;;;;;
 13.881245;;;;;;;
 13.809424;;;;;;;
 13.809424;;;;;;;
 13.809424;;;;;;;
 13.809424;;;;;;;
 13.881245;;;;;;;
 13.809424;;;;;;;
 13.809424;;;;;;;
 13.881245;;;;;;;
 13.881245;;;;;;;
 13.881245;;;;;;;
 13.881245;;;;;;;
 13.809424;;;;;;;
 13.809424;;;;;;;
 13.881245;;;;;;;
 13.881245;;;;;;;
 13.809424;;;;;;;
 13.881245;;;;;;;
 13.881245;;;;;;;
 13.809424;;;;;;;
 13.881245;;;;;;;
 13.881245;;;;;;;
 13.809424;;;;;;;
 13.809424;;;;;;;
 13.809424;;;;;;;
 13.809424;;;;;;;
 13.809424;;;;;;;
 13.809424;;;;;;;
 13.881245;;;;;;;
 13.881245;;;;;;;
 13.881245;;;;;;;
 13.881245;;;;;;;
 13.809424;;;;;;;
 13.809424;;;;;;;
 13.809424;;;;;;;
 13.809424;;;;;;;
 13.809424;;;;;;;
 13.809424;;;;;;;
 13.809424;;;;;;;
 13.809424;;;;;;;
 13.881245;;;;;;;
 13.881245;;;;;;;
 13.809424;;;;;;;
 13.809424;;;;;;;
 13.809424;;;;;;;
 13.809424;;;;;;;
 13.809424;;;;;;;
 13.809424;;;;;;;
 13.809424;;;;;;;
 13.809424;;;;;;;
 13.809424;;;;;;;
 13.809424;;;;;;;
 13.809424;;;;;;;
 13.881245;;;;;;;
 13.881245;;;;;;;
 13.809424;;;;;;;
 13.809424;;;;;;;
 13.881245;;;;;;;
 13.809424;;;;;;;
 13.809424;;;;;;;
 13.809424;;;;;;;
 13.809424;;;;;;;
 13.809424;;;;;;;
 13.881245;;;;;;;
 13.809424;;;;;;;
 13.881245;;;;;;;
 13.809424;;;;;;;
 13.809424;;;;;;;
 13.881245;;;;;;;
 13.809424;;;;;;;
 13.809424;;;;;;;
 13.809424;;;;;;;
 13.809424;;;;;;;
 13.881245;;;;;;;
 13.809424;;;;;;;
 13.737682;;;;;;;
 13.809424;;;;;;;
 13.809424;;;;;;;
 13.809424;;;;;;;
 13.809424;;;;;;;
 13.881245;;;;;;;
 13.809424;;;;;;;
 13.809424;;;;;;;
 13.881245;;;;;;;
 13.809424;;;;;;;
 13.809424;;;;;;;
 13.809424;;;;;;;
 13.809424;;;;;;;
 13.809424;;;;;;;
 13.881245;;;;;;;
 13.809424;;;;;;;
 13.881245;;;;;;;
 13.881245;;;;;;;
 13.809424;;;;;;;
 13.881245;;;;;;;
 13.809424;;;;;;;
 13.809424;;;;;;;
 13.809424;;;;;;;
 13.809424;;;;;;;
 13.809424;;;;;;;
 13.809424;;;;;;;
 13.809424;;;;;;;
 13.809424;;;;;;;
 13.809424;;;;;;;
 13.809424;;;;;;;
 13.809424;;;;;;;
 13.881245;;;;;;;
 13.881245;;;;;;;
 13.809424;;;;;;;
 13.809424;;;;;;;
 13.737682;;;;;;;
 13.809424;;;;;;;
 13.881245;;;;;;;
 13.881245;;;;;;;
 13.809424;;;;;;;
 13.809424;;;;;;;
 13.809424;;;;;;;
 13.881245;;;;;;;
 13.809424;;;;;;;
 13.809424;;;;;;;
 13.809424;;;;;;;
 13.809424;;;;;;;
 13.881245;;;;;;;
 13.809424;;;;;;;
 13.809424;;;;;;;
 13.809424;;;;;;;
 13.881245;;;;;;;
 13.809424;;;;;;;
 13.881245;;;;;;;
 13.881245;;;;;;;
 13.809424;;;;;;;
 13.809424;;;;;;;
 13.809424;;;;;;;
 13.809424;;;;;;;
 13.809424;;;;;;;
 13.809424;;;;;;;
 13.809424;;;;;;;
 13.809424;;;;;;;
 13.881245;;;;;;;
 13.809424;;;;;;;
 13.809424;;;;;;;
 13.809424;;;;;;;
 13.809424;;;;;;;
 13.809424;;;;;;;
 13.881245;;;;;;;
 13.809424;;;;;;;
 13.809424;;;;;;;
 13.809424;;;;;;;
 13.809424;;;;;;;
 13.881245;;;;;;;
 13.809424;;;;;;;
 13.881245;;;;;;;
 13.881245;;;;;;;
 13.881245;;;;;;;
 13.881245;;;;;;;
 13.809424;;;;;;;
 13.881245;;;;;;;
 13.809424;;;;;;;
 13.809424;;;;;;;
 13.809424;;;;;;;
 13.809424;;;;;;;
 13.737682;;;;;;;
 13.809424;;;;;;;
 13.809424;;;;;;;
 13.809424;;;;;;;
 13.881245;;;;;;;
 13.809424;;;;;;;
 13.881245;;;;;;;
 13.737682;;;;;;;
 13.809424;;;;;;;
 13.881245;;;;;;;
 13.809424;;;;;;;
 13.809424;;;;;;;
 13.809424;;;;;;;
 13.809424;;;;;;;
 13.809424;;;;;;;
 13.881245;;;;;;;
 13.881245;;;;;;;
 13.737682;;;;;;;
 13.809424;;;;;;;
 13.809424;;;;;;;
 13.809424;;;;;;;
 13.809424;;;;;;;
 13.809424;;;;;;;
 13.737682;;;;;;;
 13.881245;;;;;;;
 13.881245;;;;;;;
 13.809424;;;;;;;
 13.881245;;;;;;;
 13.809424;;;;;;;
 13.881245;;;;;;;
 13.809424;;;;;;;
 13.809424;;;;;;;
 13.809424;;;;;;;
 13.809424;;;;;;;
 13.809424;;;;;;;
 13.809424;;;;;;;
 13.809424;;;;;;;
 13.809424;;;;;;;
 13.809424;;;;;;;
 13.809424;;;;;;;
 13.809424;;;;;;;
 13.881245;;;;;;;
 13.881245;;;;;;;
 13.881245;;;;;;;
 13.809424;;;;;;;
 13.881245;;;;;;;
 13.809424;;;;;;;
 13.809424;;;;;;;
 13.809424;;;;;;;
 13.809424;;;;;;;
 13.809424;;;;;;;
 13.881245;;;;;;;
 13.809424;;;;;;;
 13.809424;;;;;;;
 13.809424;;;;;;;
 13.809424;;;;;;;
 13.809424;;;;;;;
 13.881245;;;;;;;
 13.881245;;;;;;;
 13.809424;;;;;;;
 13.881245;;;;;;;
 13.809424;;;;;;;
 13.809424;;;;;;;
 13.809424;;;;;;;
 13.809424;;;;;;;
 13.809424;;;;;;;
 13.809424;;;;;;;
 13.809424;;;;;;;
 13.809424;;;;;;;
 13.881245;;;;;;;
 13.809424;;;;;;;
 13.809424;;;;;;;
 13.809424;;;;;;;
 13.809424;;;;;;;
 13.881245;;;;;;;
 13.809424;;;;;;;
 13.809424;;;;;;;
 13.881245;;;;;;;
 13.809424;;;;;;;
 13.809424;;;;;;;
 13.881245;;;;;;;
 13.809424;;;;;;;
 13.809424;;;;;;;
 13.881245;;;;;;;
 13.809424;;;;;;;
 13.809424;;;;;;;
 13.881245;;;;;;;
 13.881245;;;;;;;
 13.809424;;;;;;;
 13.809424;;;;;;;
 13.881245;;;;;;;
 13.809424;;;;;;;
 13.809424;;;;;;;
 13.881245;;;;;;;
 13.809424;;;;;;;
 13.881245;;;;;;;
 13.881245;;;;;;;
 13.809424;;;;;;;
 13.881245;;;;;;;
 13.809424;;;;;;;
 13.881245;;;;;;;
 13.881245;;;;;;;
 13.881245;;;;;;;
 13.809424;;;;;;;
 13.809424;;;;;;;
 13.881245;;;;;;;
 13.809424;;;;;;;
 13.809424;;;;;;;
 13.809424;;;;;;;
 13.809424;;;;;;;
 13.809424;;;;;;;
 13.809424;;;;;;;
 13.809424;;;;;;;
 13.809424;;;;;;;
 13.881245;;;;;;;
 13.881245;;;;;;;
 13.809424;;;;;;;
 13.809424;;;;;;;
 13.809424;;;;;;;
 13.809424;;;;;;;
 13.809424;;;;;;;
 13.809424;;;;;;;
 13.881245;;;;;;;
 13.809424;;;;;;;
 13.809424;;;;;;;
 13.809424;;;;;;;
 13.809424;;;;;;;
 13.809424;;;;;;;
 13.809424;;;;;;;
 13.809424;;;;;;;
 13.809424;;;;;;;
 13.881245;;;;;;;
 13.809424;;;;;;;
 13.809424;;;;;;;
 13.881245;;;;;;;
 13.809424;;;;;;;
 13.809424;;;;;;;
 13.809424;;;;;;;
 13.881245;;;;;;;
 13.809424;;;;;;;
 13.809424;;;;;;;
 13.809424;;;;;;;
 13.881245;;;;;;;
 13.881245;;;;;;;
 13.881245;;;;;;;
 13.881245;;;;;;;
 13.809424;;;;;;;
 13.881245;;;;;;;
 13.809424;;;;;;;
 13.809424;;;;;;;
 13.809424;;;;;;;
 13.881245;;;;;;;
 13.881245;;;;;;;
 13.881245;;;;;;;
 13.809424;;;;;;;
 13.809424;;;;;;;
 13.809424;;;;;;;
 13.881245;;;;;;;
 13.809424;;;;;;;
 13.809424;;;;;;;
 13.809424;;;;;;;
 13.881245;;;;;;;
 13.881245;;;;;;;
 13.809424;;;;;;;
 13.809424;;;;;;;
 13.881245;;;;;;;
 13.809424;;;;;;;
 13.881245;;;;;;;
 13.881245;;;;;;;
 13.809424;;;;;;;
 13.809424;;;;;;;
 13.881245;;;;;;;
 13.881245;;;;;;;
 13.881245;;;;;;;
 13.881245;;;;;;;
 13.881245;;;;;;;
 13.881245;;;;;;;
 13.881245;;;;;;;
 13.809424;;;;;;;
 13.809424;;;;;;;
 13.881245;;;;;;;
 13.809424;;;;;;;
 13.809424;;;;;;;
 13.809424;;;;;;;
 13.809424;;;;;;;
 13.809424;;;;;;;
 13.881245;;;;;;;
 13.953115;;;;;;;
 13.809424;;;;;;;
 13.809424;;;;;;;
 13.881245;;;;;;;
 13.809424;;;;;;;
 13.809424;;;;;;;
 13.809424;;;;;;;
 13.809424;;;;;;;
 13.809424;;;;;;;
 13.809424;;;;;;;
 13.809424;;;;;;;
 13.881245;;;;;;;
 13.881245;;;;;;;
 13.881245;;;;;;;
 13.881245;;;;;;;
 13.881245;;;;;;;
 13.881245;;;;;;;
 13.809424;;;;;;;
 13.809424;;;;;;;
 13.809424;;;;;;;
 13.809424;;;;;;;
 13.809424;;;;;;;
 13.881245;;;;;;;
 13.809424;;;;;;;
 13.809424;;;;;;;
 13.809424;;;;;;;
 13.881245;;;;;;;
 13.809424;;;;;;;
 13.809424;;;;;;;
 13.881245;;;;;;;
 13.809424;;;;;;;
 13.809424;;;;;;;
 13.881245;;;;;;;
 13.881245;;;;;;;
 13.809424;;;;;;;
 13.809424;;;;;;;
 13.809424;;;;;;;
 13.809424;;;;;;;
 13.809424;;;;;;;
 13.809424;;;;;;;
 13.881245;;;;;;;
 13.809424;;;;;;;
 13.809424;;;;;;;
 13.809424;;;;;;;
 13.881245;;;;;;;
 13.881245;;;;;;;
 13.809424;;;;;;;
 13.809424;;;;;;;
 13.809424;;;;;;;
 13.809424;;;;;;;
 13.809424;;;;;;;
 13.809424;;;;;;;
 13.809424;;;;;;;
 13.809424;;;;;;;
 13.809424;;;;;;;
 13.809424;;;;;;;
 13.809424;;;;;;;
 13.809424;;;;;;;
 13.881245;;;;;;;
 13.809424;;;;;;;
 13.737682;;;;;;;
 13.809424;;;;;;;
 13.881245;;;;;;;
 13.881245;;;;;;;
 13.809424;;;;;;;
 13.809424;;;;;;;
 13.809424;;;;;;;
 13.809424;;;;;;;
 13.881245;;;;;;;
 13.809424;;;;;;;
 13.881245;;;;;;;
 13.809424;;;;;;;
 13.809424;;;;;;;
 13.809424;;;;;;;
 13.809424;;;;;;;
 13.881245;;;;;;;
 13.881245;;;;;;;
 13.809424;;;;;;;
 13.881245;;;;;;;
 13.809424;;;;;;;
 13.809424;;;;;;;
 13.809424;;;;;;;
 13.809424;;;;;;;
 13.809424;;;;;;;
 13.809424;;;;;;;
 13.809424;;;;;;;
 13.809424;;;;;;;
 13.809424;;;;;;;
 13.809424;;;;;;;
 13.809424;;;;;;;
 13.881245;;;;;;;
 13.881245;;;;;;;
 13.809424;;;;;;;
 13.809424;;;;;;;
 13.881245;;;;;;;
 13.809424;;;;;;;
 13.809424;;;;;;;
 13.809424;;;;;;;
 13.809424;;;;;;;
 13.809424;;;;;;;
 13.809424;;;;;;;
 13.809424;;;;;;;
 13.809424;;;;;;;
 13.881245;;;;;;;
 13.809424;;;;;;;
 13.809424;;;;;;;
 13.809424;;;;;;;
 13.809424;;;;;;;
 13.809424;;;;;;;
 13.809424;;;;;;;
 13.881245;;;;;;;
 13.881245;;;;;;;
 13.809424;;;;;;;
 13.809424;;;;;;;
 13.881245;;;;;;;
 13.809424;;;;;;;
 13.881245;;;;;;;
 13.881245;;;;;;;
 13.809424;;;;;;;
 13.881245;;;;;;;
 13.809424;;;;;;;
 13.809424;;;;;;;
 13.809424;;;;;;;
 13.881245;;;;;;;
 13.809424;;;;;;;
 13.881245;;;;;;;
 13.881245;;;;;;;
 13.881245;;;;;;;
 13.809424;;;;;;;
 13.881245;;;;;;;
 13.809424;;;;;;;
 13.809424;;;;;;;
 13.809424;;;;;;;
 13.809424;;;;;;;
 13.809424;;;;;;;
 13.809424;;;;;;;
 13.881245;;;;;;;
 13.881245;;;;;;;
 13.881245;;;;;;;
 13.809424;;;;;;;
 13.881245;;;;;;;
 13.809424;;;;;;;
 13.881245;;;;;;;
 13.881245;;;;;;;
 13.809424;;;;;;;
 13.809424;;;;;;;
 13.809424;;;;;;;
 13.809424;;;;;;;
 13.809424;;;;;;;
 13.809424;;;;;;;
 13.809424;;;;;;;
 13.809424;;;;;;;
 13.881245;;;;;;;
 13.881245;;;;;;;
 13.809424;;;;;;;
 13.809424;;;;;;;
 13.881245;;;;;;;
 13.809424;;;;;;;
 13.809424;;;;;;;
 13.809424;;;;;;;
 13.809424;;;;;;;
 13.881245;;;;;;;
 13.881245;;;;;;;
 13.881245;;;;;;;
 13.881245;;;;;;;
 13.881245;;;;;;;
 13.809424;;;;;;;
 13.809424;;;;;;;
 13.809424;;;;;;;
 13.809424;;;;;;;
 13.809424;;;;;;;
 13.881245;;;;;;;
 13.809424;;;;;;;
 13.881245;;;;;;;
 13.809424;;;;;;;
 13.881245;;;;;;;
 13.809424;;;;;;;
 13.809424;;;;;;;
 13.881245;;;;;;;
 13.881245;;;;;;;
 13.809424;;;;;;;
 13.809424;;;;;;;
 13.809424;;;;;;;
 13.809424;;;;;;;
 13.881245;;;;;;;
 13.809424;;;;;;;
 13.809424;;;;;;;
 13.809424;;;;;;;
 13.809424;;;;;;;
 13.809424;;;;;;;
 13.809424;;;;;;;
 13.809424;;;;;;;
 13.809424;;;;;;;
 13.809424;;;;;;;
 13.881245;;;;;;;
 13.809424;;;;;;;
 13.809424;;;;;;;
 13.881245;;;;;;;
 13.881245;;;;;;;
 13.809424;;;;;;;
 13.809424;;;;;;;
 13.953115;;;;;;;
 13.737682;;;;;;;
 13.809424;;;;;;;
 13.809424;;;;;;;
 13.809424;;;;;;;
 13.953115;;;;;;;
 13.881245;;;;;;;
 13.881245;;;;;;;
 13.809424;;;;;;;
 13.809424;;;;;;;
 13.881245;;;;;;;
 13.809424;;;;;;;
 13.809424;;;;;;;
 13.881245;;;;;;;
 13.881245;;;;;;;
 13.809424;;;;;;;
 13.809424;;;;;;;
 13.809424;;;;;;;
 13.809424;;;;;;;
 13.809424;;;;;;;
 13.881245;;;;;;;
 13.809424;;;;;;;
 13.809424;;;;;;;
 13.809424;;;;;;;
 13.809424;;;;;;;
 13.809424;;;;;;;
 13.881245;;;;;;;
 13.809424;;;;;;;
 13.737682;;;;;;;
 13.809424;;;;;;;
 13.809424;;;;;;;
 13.809424;;;;;;;
 13.809424;;;;;;;
 13.881245;;;;;;;
 13.809424;;;;;;;
 13.881245;;;;;;;
 13.809424;;;;;;;
 13.881245;;;;;;;
 13.881245;;;;;;;
 13.881245;;;;;;;
 13.809424;;;;;;;
 13.881245;;;;;;;
 13.881245;;;;;;;
 13.809424;;;;;;;
 13.809424;;;;;;;
 13.881245;;;;;;;
 13.809424;;;;;;;
 13.809424;;;;;;;
 13.809424;;;;;;;
 13.809424;;;;;;;
 13.809424;;;;;;;
 13.809424;;;;;;;
 13.881245;;;;;;;
 13.809424;;;;;;;
 13.809424;;;;;;;
 13.809424;;;;;;;
 13.809424;;;;;;;
 13.809424;;;;;;;
 13.809424;;;;;;;
 13.809424;;;;;;;
 13.809424;;;;;;;
 13.881245;;;;;;;
 13.881245;;;;;;;
 13.881245;;;;;;;
 13.809424;;;;;;;
 13.881245;;;;;;;
 13.881245;;;;;;;
 13.881245;;;;;;;
 13.809424;;;;;;;
 13.809424;;;;;;;
 13.809424;;;;;;;
 13.809424;;;;;;;
 13.809424;;;;;;;
 13.809424;;;;;;;
 13.809424;;;;;;;
 13.809424;;;;;;;
 13.881245;;;;;;;
 13.809424;;;;;;;
 13.881245;;;;;;;
 13.809424;;;;;;;
 13.809424;;;;;;;
 13.809424;;;;;;;
 13.809424;;;;;;;
 13.881245;;;;;;;
 13.809424;;;;;;;
 13.809424;;;;;;;
 13.881245;;;;;;;
 13.881245;;;;;;;
 13.881245;;;;;;;
 13.881245;;;;;;;
 13.809424;;;;;;;
 13.809424;;;;;;;
 13.881245;;;;;;;
 13.881245;;;;;;;
 13.809424;;;;;;;
 13.809424;;;;;;;
 13.809424;;;;;;;
 13.809424;;;;;;;
 13.809424;;;;;;;
 13.881245;;;;;;;
 13.809424;;;;;;;
 13.809424;;;;;;;
 13.809424;;;;;;;
 13.881245;;;;;;;
 13.809424;;;;;;;
 13.737682;;;;;;;
 13.809424;;;;;;;
 13.881245;;;;;;;
 13.809424;;;;;;;
 13.809424;;;;;;;
 13.809424;;;;;;;
 13.809424;;;;;;;
 13.881245;;;;;;;
 13.881245;;;;;;;
 13.809424;;;;;;;
 13.809424;;;;;;;
 13.881245;;;;;;;
 13.809424;;;;;;;
 13.809424;;;;;;;
 13.809424;;;;;;;
 13.809424;;;;;;;
 13.809424;;;;;;;
 13.881245;;;;;;;
 13.809424;;;;;;;
 13.809424;;;;;;;
 13.881245;;;;;;;
 13.809424;;;;;;;
 13.881245;;;;;;;
 13.881245;;;;;;;
 13.809424;;;;;;;
 13.809424;;;;;;;
 13.809424;;;;;;;
 13.881245;;;;;;;
 13.881245;;;;;;;
 13.809424;;;;;;;
 13.809424;;;;;;;
 13.881245;;;;;;;
 13.809424;;;;;;;
 13.809424;;;;;;;
 13.881245;;;;;;;
 13.809424;;;;;;;
 13.809424;;;;;;;
 13.809424;;;;;;;
 13.809424;;;;;;;
 13.809424;;;;;;;
 13.809424;;;;;;;
 13.881245;;;;;;;
 13.809424;;;;;;;
 13.809424;;;;;;;
 13.881245;;;;;;;
 13.809424;;;;;;;
 13.809424;;;;;;;
 13.809424;;;;;;;
 13.809424;;;;;;;
 13.809424;;;;;;;
 13.809424;;;;;;;
 13.881245;;;;;;;
 13.809424;;;;;;;
 13.809424;;;;;;;
 13.809424;;;;;;;
 13.809424;;;;;;;
 13.881245;;;;;;;
 13.809424;;;;;;;
 13.881245;;;;;;;
 13.809424;;;;;;;
 13.881245;;;;;;;
 13.881245;;;;;;;
 13.809424;;;;;;;
 13.881245;;;;;;;
 13.881245;;;;;;;
 13.809424;;;;;;;
 13.809424;;;;;;;
 13.809424;;;;;;;
 13.809424;;;;;;;
 13.809424;;;;;;;
 13.809424;;;;;;;
 13.881245;;;;;;;
 13.881245;;;;;;;
 13.881245;;;;;;;
 13.809424;;;;;;;
 13.809424;;;;;;;
 13.881245;;;;;;;
 13.809424;;;;;;;
 13.809424;;;;;;;
 13.881245;;;;;;;
 13.809424;;;;;;;
 13.809424;;;;;;;
 13.809424;;;;;;;
 13.809424;;;;;;;
 13.809424;;;;;;;
 13.809424;;;;;;;
 13.881245;;;;;;;
 13.809424;;;;;;;
 13.809424;;;;;;;
 13.809424;;;;;;;
 13.809424;;;;;;;
 13.737682;;;;;;;
 13.809424;;;;;;;
 13.809424;;;;;;;
 13.809424;;;;;;;
 13.809424;;;;;;;
 13.809424;;;;;;;
 13.809424;;;;;;;
 13.809424;;;;;;;
 13.881245;;;;;;;
 13.809424;;;;;;;
 13.809424;;;;;;;
 13.809424;;;;;;;
 13.809424;;;;;;;
 13.809424;;;;;;;
 13.809424;;;;;;;
 13.809424;;;;;;;
 13.809424;;;;;;;
 13.809424;;;;;;;
 13.809424;;;;;;;
 13.809424;;;;;;;
 13.809424;;;;;;;
 13.809424;;;;;;;
 13.809424;;;;;;;
 13.809424;;;;;;;
 13.881245;;;;;;;
 13.809424;;;;;;;
 13.881245;;;;;;;
 13.881245;;;;;;;
 13.881245;;;;;;;
 13.809424;;;;;;;
 13.809424;;;;;;;
 13.809424;;;;;;;
 13.809424;;;;;;;
 13.809424;;;;;;;
 13.809424;;;;;;;
 13.809424;;;;;;;
 13.809424;;;;;;;
 13.881245;;;;;;;
 13.809424;;;;;;;
 13.881245;;;;;;;
 13.881245;;;;;;;
 13.809424;;;;;;;
 13.809424;;;;;;;
 13.881245;;;;;;;
 13.809424;;;;;;;
 13.809424;;;;;;;
 13.809424;;;;;;;
 13.809424;;;;;;;
 13.881245;;;;;;;
 13.881245;;;;;;;
 13.881245;;;;;;;
 13.809424;;;;;;;
 13.809424;;;;;;;
 13.809424;;;;;;;
 13.809424;;;;;;;
 13.809424;;;;;;;
 13.881245;;;;;;;
 13.881245;;;;;;;
 13.809424;;;;;;;
 13.809424;;;;;;;
 13.809424;;;;;;;
 13.809424;;;;;;;
 13.881245;;;;;;;
 13.881245;;;;;;;
 13.809424;;;;;;;
 13.809424;;;;;;;
 13.809424;;;;;;;
 13.809424;;;;;;;
 13.881245;;;;;;;
 13.809424;;;;;;;
 13.809424;;;;;;;
 13.809424;;;;;;;
 13.809424;;;;;;;
 13.881245;;;;;;;
 13.809424;;;;;;;
 13.881245;;;;;;;
 13.881245;;;;;;;
 13.881245;;;;;;;
 13.809424;;;;;;;
 13.881245;;;;;;;
 13.809424;;;;;;;
 13.809424;;;;;;;
 13.809424;;;;;;;
 13.809424;;;;;;;
 13.809424;;;;;;;
 13.809424;;;;;;;
 13.881245;;;;;;;
 13.809424;;;;;;;
 13.809424;;;;;;;
 13.809424;;;;;;;
 13.881245;;;;;;;
 13.809424;;;;;;;
 13.809424;;;;;;;
 13.809424;;;;;;;
 13.809424;;;;;;;
 13.809424;;;;;;;
 13.809424;;;;;;;
 13.881245;;;;;;;
 13.881245;;;;;;;
 13.881245;;;;;;;
 13.809424;;;;;;;
 13.809424;;;;;;;
 13.881245;;;;;;;
 13.809424;;;;;;;
 13.881245;;;;;;;
 13.809424;;;;;;;
 13.809424;;;;;;;
 13.809424;;;;;;;
 13.881245;;;;;;;
 13.809424;;;;;;;
 13.809424;;;;;;;
 13.809424;;;;;;;
 13.881245;;;;;;;
 13.809424;;;;;;;
 13.809424;;;;;;;
 13.809424;;;;;;;
 13.881245;;;;;;;
 13.809424;;;;;;;
 13.809424;;;;;;;
 13.737682;;;;;;;
 13.881245;;;;;;;
 13.881245;;;;;;;
 13.809424;;;;;;;
 13.809424;;;;;;;
 13.809424;;;;;;;
 13.881245;;;;;;;
 13.881245;;;;;;;
 13.809424;;;;;;;
 13.809424;;;;;;;
 13.881245;;;;;;;
 13.809424;;;;;;;
 13.881245;;;;;;;
 13.809424;;;;;;;
 13.809424;;;;;;;
 13.881245;;;;;;;
 13.809424;;;;;;;
 13.881245;;;;;;;
 13.881245;;;;;;;
 13.809424;;;;;;;
 13.881245;;;;;;;
 13.881245;;;;;;;
 13.881245;;;;;;;
 13.809424;;;;;;;
 13.809424;;;;;;;
 13.881245;;;;;;;
 13.809424;;;;;;;
 13.809424;;;;;;;
 13.809424;;;;;;;
 13.809424;;;;;;;
 13.809424;;;;;;;
 13.809424;;;;;;;
 13.881245;;;;;;;
 13.809424;;;;;;;
 13.809424;;;;;;;
 13.881245;;;;;;;
 13.881245;;;;;;;
 13.809424;;;;;;;
 13.809424;;;;;;;
 13.809424;;;;;;;
 13.809424;;;;;;;
 13.881245;;;;;;;
 13.881245;;;;;;;
 13.881245;;;;;;;
 13.881245;;;;;;;
 13.881245;;;;;;;
 13.809424;;;;;;;
 13.809424;;;;;;;
 13.809424;;;;;;;
 13.881245;;;;;;;
 13.809424;;;;;;;
 13.881245;;;;;;;
 13.809424;;;;;;;
 13.809424;;;;;;;
 13.809424;;;;;;;
 13.809424;;;;;;;
 13.881245;;;;;;;
 13.881245;;;;;;;
 13.809424;;;;;;;
 13.809424;;;;;;;
 13.809424;;;;;;;
 13.881245;;;;;;;
 13.809424;;;;;;;
 13.881245;;;;;;;
 13.881245;;;;;;;
 13.809424;;;;;;;
 13.881245;;;;;;;
 13.809424;;;;;;;
 13.809424;;;;;;;
 13.809424;;;;;;;
 13.809424;;;;;;;
 13.809424;;;;;;;
 13.809424;;;;;;;
 13.809424;;;;;;;
 13.881245;;;;;;;
 13.881245;;;;;;;
 13.809424;;;;;;;
 13.809424;;;;;;;
 13.809424;;;;;;;
 13.809424;;;;;;;
 13.881245;;;;;;;
 13.809424;;;;;;;
 13.809424;;;;;;;
 13.881245;;;;;;;
 13.809424;;;;;;;
 13.881245;;;;;;;
 13.881245;;;;;;;
 13.881245;;;;;;;
 13.881245;;;;;;;
 13.809424;;;;;;;
 13.881245;;;;;;;
 13.809424;;;;;;;
 13.881245;;;;;;;
 13.881245;;;;;;;
 13.809424;;;;;;;
 13.809424;;;;;;;
 13.953115;;;;;;;
 13.881245;;;;;;;
 13.809424;;;;;;;
 13.809424;;;;;;;
 13.809424;;;;;;;
 13.809424;;;;;;;
 13.809424;;;;;;;
 13.881245;;;;;;;
 13.809424;;;;;;;
 13.809424;;;;;;;
 13.881245;;;;;;;
 13.881245;;;;;;;
 13.737682;;;;;;;
 13.881245;;;;;;;
 13.809424;;;;;;;
 13.809424;;;;;;;
 13.809424;;;;;;;
 13.809424;;;;;;;
 13.809424;;;;;;;
 13.809424;;;;;;;
 13.881245;;;;;;;
 13.809424;;;;;;;
 13.809424;;;;;;;
 13.809424;;;;;;;
 13.809424;;;;;;;
 13.881245;;;;;;;
 13.881245;;;;;;;
 13.809424;;;;;;;
 13.881245;;;;;;;
 13.881245;;;;;;;
 13.881245;;;;;;;
 13.809424;;;;;;;
 13.809424;;;;;;;
 13.881245;;;;;;;
 13.809424;;;;;;;
 13.809424;;;;;;;
 13.881245;;;;;;;
 13.809424;;;;;;;
 13.809424;;;;;;;
 13.809424;;;;;;;
 13.809424;;;;;;;
 13.809424;;;;;;;
 13.809424;;;;;;;
 13.881245;;;;;;;
 13.809424;;;;;;;
 13.809424;;;;;;;
 13.809424;;;;;;;
 13.809424;;;;;;;
 13.953115;;;;;;;
 13.809424;;;;;;;
 13.881245;;;;;;;
 13.809424;;;;;;;
 13.881245;;;;;;;
 13.809424;;;;;;;
 13.881245;;;;;;;
 13.881245;;;;;;;
 13.881245;;;;;;;
 13.809424;;;;;;;
 13.809424;;;;;;;
 13.809424;;;;;;;
 13.809424;;;;;;;
 13.809424;;;;;;;
 13.881245;;;;;;;
 13.809424;;;;;;;
 13.881245;;;;;;;
 13.881245;;;;;;;
 13.809424;;;;;;;
 13.881245;;;;;;;
 13.809424;;;;;;;
 13.809424;;;;;;;
 13.809424;;;;;;;
 13.809424;;;;;;;
 13.881245;;;;;;;
 13.809424;;;;;;;
 13.881245;;;;;;;
 13.809424;;;;;;;
 13.809424;;;;;;;
 13.809424;;;;;;;
 13.809424;;;;;;;
 13.881245;;;;;;;
 13.809424;;;;;;;
 13.737682;;;;;;;
 13.881245;;;;;;;
 13.809424;;;;;;;
 13.809424;;;;;;;
 13.809424;;;;;;;
 13.809424;;;;;;;
 13.809424;;;;;;;
 13.809424;;;;;;;
 13.809424;;;;;;;
 13.809424;;;;;;;
 13.809424;;;;;;;
 13.809424;;;;;;;
 13.881245;;;;;;;
 13.809424;;;;;;;
 13.809424;;;;;;;
 13.881245;;;;;;;
 13.881245;;;;;;;
 13.881245;;;;;;;
 13.809424;;;;;;;
 13.809424;;;;;;;
 13.881245;;;;;;;
 13.809424;;;;;;;
 13.737682;;;;;;;
 13.809424;;;;;;;
 13.809424;;;;;;;
 13.809424;;;;;;;
 13.881245;;;;;;;
 13.809424;;;;;;;
 13.809424;;;;;;;
 13.881245;;;;;;;
 13.881245;;;;;;;
 13.809424;;;;;;;
 13.809424;;;;;;;
 13.881245;;;;;;;
 13.809424;;;;;;;
 13.809424;;;;;;;
 13.881245;;;;;;;
 13.809424;;;;;;;
 13.809424;;;;;;;
 13.881245;;;;;;;
 13.809424;;;;;;;
 13.881245;;;;;;;
 13.881245;;;;;;;
 13.809424;;;;;;;
 13.809424;;;;;;;
 13.881245;;;;;;;
 13.881245;;;;;;;
 13.809424;;;;;;;
 13.809424;;;;;;;
 13.809424;;;;;;;
 13.809424;;;;;;;
 13.881245;;;;;;;
 13.809424;;;;;;;
 13.809424;;;;;;;
 13.809424;;;;;;;
 13.809424;;;;;;;
 13.809424;;;;;;;
 13.881245;;;;;;;
 13.881245;;;;;;;
 13.809424;;;;;;;
 13.809424;;;;;;;
 13.809424;;;;;;;
 13.953115;;;;;;;
 13.809424;;;;;;;
 13.809424;;;;;;;
 13.881245;;;;;;;
 13.809424;;;;;;;
 13.809424;;;;;;;
 13.809424;;;;;;;
 13.809424;;;;;;;
 13.737682;;;;;;;
 13.809424;;;;;;;
 13.809424;;;;;;;
 13.809424;;;;;;;
 13.809424;;;;;;;
 13.809424;;;;;;;
 13.809424;;;;;;;
 13.881245;;;;;;;
 13.809424;;;;;;;
 13.809424;;;;;;;
 13.809424;;;;;;;
 13.881245;;;;;;;
 13.881245;;;;;;;
 13.809424;;;;;;;
 13.881245;;;;;;;
 13.881245;;;;;;;
 13.809424;;;;;;;
 13.881245;;;;;;;
 13.881245;;;;;;;
 13.809424;;;;;;;
 13.809424;;;;;;;
 13.809424;;;;;;;
 13.881245;;;;;;;
 13.809424;;;;;;;
 13.809424;;;;;;;
 13.809424;;;;;;;
 13.881245;;;;;;;
 13.809424;;;;;;;
 13.881245;;;;;;;
 13.809424;;;;;;;
 13.809424;;;;;;;
 13.809424;;;;;;;
 13.809424;;;;;;;
 13.809424;;;;;;;
 13.809424;;;;;;;
 13.809424;;;;;;;
 13.809424;;;;;;;
 13.737682;;;;;;;
 13.881245;;;;;;;
 13.809424;;;;;;;
 13.881245;;;;;;;
 13.881245;;;;;;;
 13.809424;;;;;;;
 13.809424;;;;;;;
 13.809424;;;;;;;
 13.881245;;;;;;;
 13.809424;;;;;;;
 13.809424;;;;;;;
 13.881245;;;;;;;
 13.809424;;;;;;;
 13.881245;;;;;;;
 13.809424;;;;;;;
 13.881245;;;;;;;
 13.809424;;;;;;;
 13.809424;;;;;;;
 13.809424;;;;;;;
 13.737682;;;;;;;
 13.809424;;;;;;;
 13.881245;;;;;;;
 13.809424;;;;;;;
 13.809424;;;;;;;
 13.809424;;;;;;;
 13.881245;;;;;;;
 13.809424;;;;;;;
 13.809424;;;;;;;
 13.809424;;;;;;;
 13.809424;;;;;;;
 13.809424;;;;;;;
 13.881245;;;;;;;
 13.809424;;;;;;;
 13.881245;;;;;;;
 13.881245;;;;;;;
 13.809424;;;;;;;
 13.809424;;;;;;;
 13.881245;;;;;;;
 13.809424;;;;;;;
 13.809424;;;;;;;
 13.809424;;;;;;;
 13.881245;;;;;;;
 13.809424;;;;;;;
 13.809424;;;;;;;
 13.809424;;;;;;;
 13.881245;;;;;;;
 13.881245;;;;;;;
 13.809424;;;;;;;
 13.881245;;;;;;;
 13.881245;;;;;;;
 13.809424;;;;;;;
 13.809424;;;;;;;
 13.881245;;;;;;;
 13.809424;;;;;;;
 13.809424;;;;;;;
 13.809424;;;;;;;
 13.881245;;;;;;;
 13.809424;;;;;;;
 13.809424;;;;;;;
 13.809424;;;;;;;
 13.809424;;;;;;;
 13.809424;;;;;;;
 13.881245;;;;;;;
 13.809424;;;;;;;
 13.809424;;;;;;;
 13.881245;;;;;;;
 13.809424;;;;;;;
 13.809424;;;;;;;
 13.881245;;;;;;;
 13.809424;;;;;;;
 13.809424;;;;;;;
 13.881245;;;;;;;
 13.881245;;;;;;;
 13.809424;;;;;;;
 13.809424;;;;;;;
 13.881245;;;;;;;
 13.809424;;;;;;;
 13.809424;;;;;;;
 13.809424;;;;;;;
 13.809424;;;;;;;
 13.881245;;;;;;;
 13.809424;;;;;;;
 13.881245;;;;;;;
 13.809424;;;;;;;
 13.881245;;;;;;;
 13.881245;;;;;;;
 13.809424;;;;;;;
 13.881245;;;;;;;
 13.881245;;;;;;;
 13.809424;;;;;;;
 13.881245;;;;;;;
 13.881245;;;;;;;
 13.809424;;;;;;;
 13.809424;;;;;;;
 13.881245;;;;;;;
 13.881245;;;;;;;
 13.809424;;;;;;;
 13.809424;;;;;;;
 13.881245;;;;;;;
 13.881245;;;;;;;
 13.809424;;;;;;;
 13.881245;;;;;;;
 13.809424;;;;;;;
 13.809424;;;;;;;
 13.809424;;;;;;;
 13.881245;;;;;;;
 13.809424;;;;;;;
 13.809424;;;;;;;
 13.809424;;;;;;;
 13.809424;;;;;;;
 13.809424;;;;;;;
 13.881245;;;;;;;
 13.809424;;;;;;;
 13.809424;;;;;;;
 13.881245;;;;;;;
 13.881245;;;;;;;
 13.809424;;;;;;;
 13.809424;;;;;;;
 13.881245;;;;;;;
 13.809424;;;;;;;
 13.881245;;;;;;;
 13.809424;;;;;;;
 13.809424;;;;;;;
 13.881245;;;;;;;
 13.809424;;;;;;;
 13.809424;;;;;;;
 13.809424;;;;;;;
 13.809424;;;;;;;
 13.809424;;;;;;;
 13.809424;;;;;;;
 13.809424;;;;;;;
 13.809424;;;;;;;
 13.809424;;;;;;;
 13.881245;;;;;;;
 13.809424;;;;;;;
 13.809424;;;;;;;
 13.881245;;;;;;;
 13.881245;;;;;;;
 13.809424;;;;;;;
 13.881245;;;;;;;
 13.809424;;;;;;;
 13.809424;;;;;;;
 13.809424;;;;;;;
 13.881245;;;;;;;
 13.809424;;;;;;;
 13.809424;;;;;;;
 13.809424;;;;;;;
 13.809424;;;;;;;
 13.809424;;;;;;;
 13.809424;;;;;;;
 13.809424;;;;;;;
 13.809424;;;;;;;
 13.737682;;;;;;;
 13.881245;;;;;;;
 13.881245;;;;;;;
 13.881245;;;;;;;
 13.809424;;;;;;;
 13.881245;;;;;;;
 13.881245;;;;;;;
 13.809424;;;;;;;
 13.809424;;;;;;;
 13.809424;;;;;;;
 13.809424;;;;;;;
 13.881245;;;;;;;
 13.809424;;;;;;;
 13.881245;;;;;;;
 13.881245;;;;;;;
 13.809424;;;;;;;
 13.881245;;;;;;;
 13.881245;;;;;;;
 13.881245;;;;;;;
 13.809424;;;;;;;
 13.809424;;;;;;;
 13.809424;;;;;;;
 13.953115;;;;;;;
 13.809424;;;;;;;
 13.809424;;;;;;;
 13.809424;;;;;;;
 13.809424;;;;;;;
 13.809424;;;;;;;
 13.809424;;;;;;;
 13.809424;;;;;;;
 13.881245;;;;;;;
 13.809424;;;;;;;
 13.809424;;;;;;;
 13.809424;;;;;;;
 13.809424;;;;;;;
 13.809424;;;;;;;
 13.881245;;;;;;;
 13.809424;;;;;;;
 13.809424;;;;;;;
 13.809424;;;;;;;
 13.809424;;;;;;;
 13.809424;;;;;;;
 13.809424;;;;;;;
 13.881245;;;;;;;
 13.881245;;;;;;;
 13.809424;;;;;;;
 13.881245;;;;;;;
 13.809424;;;;;;;
 13.881245;;;;;;;
 13.881245;;;;;;;
 13.809424;;;;;;;
 13.809424;;;;;;;
 13.809424;;;;;;;
 13.953115;;;;;;;
 13.809424;;;;;;;
 13.809424;;;;;;;
 13.881245;;;;;;;
 13.809424;;;;;;;
 13.809424;;;;;;;
 13.809424;;;;;;;
 13.881245;;;;;;;
 13.809424;;;;;;;
 13.809424;;;;;;;
 13.881245;;;;;;;
 13.881245;;;;;;;
 13.809424;;;;;;;
 13.809424;;;;;;;
 13.809424;;;;;;;
 13.809424;;;;;;;
 13.881245;;;;;;;
 13.809424;;;;;;;
 13.809424;;;;;;;
 13.809424;;;;;;;
 13.809424;;;;;;;
 13.881245;;;;;;;
 13.809424;;;;;;;
 13.881245;;;;;;;
 13.809424;;;;;;;
 13.881245;;;;;;;
 13.809424;;;;;;;
 13.809424;;;;;;;
 13.809424;;;;;;;
 13.809424;;;;;;;
 13.809424;;;;;;;
 13.809424;;;;;;;
 13.881245;;;;;;;
 13.809424;;;;;;;
 13.809424;;;;;;;
 13.881245;;;;;;;
 13.881245;;;;;;;
 13.809424;;;;;;;
 13.809424;;;;;;;
 13.809424;;;;;;;
 13.809424;;;;;;;
 13.809424;;;;;;;
 13.809424;;;;;;;
 13.809424;;;;;;;
 13.809424;;;;;;;
 13.809424;;;;;;;
 13.809424;;;;;;;
 13.809424;;;;;;;
 13.809424;;;;;;;
 13.881245;;;;;;;
 13.809424;;;;;;;
 13.809424;;;;;;;
 13.809424;;;;;;;
 13.809424;;;;;;;
 13.809424;;;;;;;
 13.881245;;;;;;;
 13.881245;;;;;;;
 13.881245;;;;;;;
 13.809424;;;;;;;
 13.809424;;;;;;;
 13.737682;;;;;;;
 13.809424;;;;;;;
 13.809424;;;;;;;
 13.809424;;;;;;;
 13.881245;;;;;;;
 13.881245;;;;;;;
 13.809424;;;;;;;
 13.809424;;;;;;;
 13.809424;;;;;;;
 13.809424;;;;;;;
 13.809424;;;;;;;
 13.881245;;;;;;;
 13.809424;;;;;;;
 13.809424;;;;;;;
 13.881245;;;;;;;
 13.809424;;;;;;;
 13.809424;;;;;;;
 13.809424;;;;;;;
 13.809424;;;;;;;
 13.809424;;;;;;;
 13.809424;;;;;;;
 13.881245;;;;;;;
 13.809424;;;;;;;
 13.809424;;;;;;;
 13.881245;;;;;;;
 13.881245;;;;;;;
 13.809424;;;;;;;
 13.881245;;;;;;;
 13.809424;;;;;;;
 13.809424;;;;;;;
 13.881245;;;;;;;
 13.881245;;;;;;;
 13.809424;;;;;;;
 13.809424;;;;;;;
 13.809424;;;;;;;
 13.809424;;;;;;;
 13.809424;;;;;;;
 13.881245;;;;;;;
 13.809424;;;;;;;
 13.809424;;;;;;;
 13.881245;;;;;;;
 13.809424;;;;;;;
 13.809424;;;;;;;
 13.809424;;;;;;;
 13.881245;;;;;;;
 13.809424;;;;;;;
 13.809424;;;;;;;
 13.809424;;;;;;;
 13.881245;;;;;;;
 13.809424;;;;;;;
 13.809424;;;;;;;
 13.881245;;;;;;;
 13.881245;;;;;;;
 13.881245;;;;;;;
 13.809424;;;;;;;
 13.809424;;;;;;;
 13.809424;;;;;;;
 13.881245;;;;;;;
 13.809424;;;;;;;
 13.809424;;;;;;;
 13.809424;;;;;;;
 13.809424;;;;;;;
 13.809424;;;;;;;
 13.881245;;;;;;;
 13.809424;;;;;;;
 13.881245;;;;;;;
 13.809424;;;;;;;
 13.809424;;;;;;;
 13.809424;;;;;;;
 13.809424;;;;;;;
 13.809424;;;;;;;
 13.809424;;;;;;;
 13.809424;;;;;;;
 13.881245;;;;;;;
 13.809424;;;;;;;
 13.881245;;;;;;;
 13.809424;;;;;;;
 13.809424;;;;;;;
 13.809424;;;;;;;
 13.953115;;;;;;;
 13.809424;;;;;;;
 13.809424;;;;;;;
 13.809424;;;;;;;
 13.809424;;;;;;;
 13.881245;;;;;;;
 13.809424;;;;;;;
 13.881245;;;;;;;
 13.809424;;;;;;;
 13.809424;;;;;;;
 13.881245;;;;;;;
 13.809424;;;;;;;
 13.809424;;;;;;;
 13.809424;;;;;;;
 13.809424;;;;;;;
 13.809424;;;;;;;
 13.809424;;;;;;;
 13.881245;;;;;;;
 13.809424;;;;;;;
 13.809424;;;;;;;
 13.881245;;;;;;;
 13.809424;;;;;;;
 13.809424;;;;;;;
 13.809424;;;;;;;
 13.809424;;;;;;;
 13.809424;;;;;;;
 13.809424;;;;;;;
 13.809424;;;;;;;
 13.809424;;;;;;;
 13.809424;;;;;;;
 13.809424;;;;;;;
 13.809424;;;;;;;
 13.809424;;;;;;;
 13.881245;;;;;;;
 13.881245;;;;;;;
 13.809424;;;;;;;
 13.881245;;;;;;;
 13.881245;;;;;;;
 13.809424;;;;;;;
 13.881245;;;;;;;
 13.809424;;;;;;;
 13.809424;;;;;;;
 13.809424;;;;;;;
 13.809424;;;;;;;
 13.881245;;;;;;;
 13.809424;;;;;;;
 13.953115;;;;;;;
 13.809424;;;;;;;
 13.953115;;;;;;;
 14.025079;;;;;;;
 14.313721;;;;;;;
 14.097137;;;;;;;
 14.169252;;;;;;;
 14.169252;;;;;;;
 14.313721;;;;;;;
 14.386090;;;;;;;
 14.458504;;;;;;;
 14.386090;;;;;;;
 13.594463;;;;;;;
 15.040757;;;;;;;
 14.603601;;;;;;;
 13.737682;;;;;;;
 14.241453;;;;;;;
 14.676275;;;;;;;
 14.603601;;;;;;;
 14.386090;;;;;;;
 14.386090;;;;;;;
 14.821820;;;;;;;
 14.967699;;;;;;;
 15.040757;;;;;;;
 13.953115;;;;;;;
 14.894718;;;;;;;
 14.894718;;;;;;;
 14.894718;;;;;;;
 14.967699;;;;;;;
 15.775483;;;;;;;
 14.967699;;;;;;;
 14.894718;;;;;;;
 14.967699;;;;;;;
 15.040757;;;;;;;
 14.749003;;;;;;;
 14.749003;;;;;;;
 15.187086;;;;;;;
 15.187086;;;;;;;
 15.627920;;;;;;;
 15.260352;;;;;;;
 15.260352;;;;;;;
 15.333723;;;;;;;
 15.333723;;;;;;;
 15.260352;;;;;;;
 15.333723;;;;;;;
 15.333723;;;;;;;
 15.333723;;;;;;;
 15.113877;;;;;;;
 15.113877;;;;;;;
 15.480666;;;;;;;
 15.701662;;;;;;;
 14.603601;;;;;;;
 15.554252;;;;;;;
 15.480666;;;;;;;
 15.260352;;;;;;;
 15.627920;;;;;;;
 15.627920;;;;;;;
 15.260352;;;;;;;
 15.849378;;;;;;;
 15.627920;;;;;;;
 15.554252;;;;;;;
 15.480666;;;;;;;
 15.775483;;;;;;;
 15.627920;;;;;;;
 15.480666;;;;;;;
 15.627920;;;;;;;
 15.187086;;;;;;;
 15.923338;;;;;;;
 15.923338;;;;;;;
 15.849378;;;;;;;
 15.923338;;;;;;;
 15.923338;;;;;;;
 15.849378;;;;;;;
 16.071510;;;;;;;
 16.145716;;;;;;;
 16.071510;;;;;;;
 16.071510;;;;;;;
 16.071510;;;;;;;
 15.849378;;;;;;;
 15.997394;;;;;;;
 15.480666;;;;;;;
 16.071510;;;;;;;
 16.219980;;;;;;;
 16.145716;;;;;;;
 16.294352;;;;;;;
 16.219980;;;;;;;
 16.294352;;;;;;;
 16.294352;;;;;;;
 16.368776;;;;;;;
 16.294352;;;;;;;
 16.219980;;;;;;;
 17.117235;;;;;;;
 16.368776;;;;;;;
 16.145716;;;;;;;
 16.443277;;;;;;;
 16.294352;;;;;;;
 16.071510;;;;;;;
 16.368776;;;;;;;
 16.443277;;;;;;;
 16.517870;;;;;;;
 16.517870;;;;;;;
 16.592518;;;;;;;
 16.592518;;;;;;;
 16.517870;;;;;;;
 16.667238;;;;;;;
 16.816959;;;;;;;
 16.667238;;;;;;;
 16.667238;;;;;;;
 16.667238;;;;;;;
 16.667238;;;;;;;
 16.592518;;;;;;;
 16.294352;;;;;;;
 16.294352;;;;;;;
 16.667238;;;;;;;
 16.816959;;;;;;;
 16.816959;;;;;;;
 16.816959;;;;;;;
 16.891897;;;;;;;
 16.816959;;;;;;;
 16.742064;;;;;;;
 16.891897;;;;;;;
 16.891897;;;;;;;
 17.721485;;;;;;;
 16.891897;;;;;;;
 16.891897;;;;;;;
 16.891897;;;;;;;
 17.192514;;;;;;;
 17.042055;;;;;;;
 16.966953;;;;;;;
 17.042055;;;;;;;
 16.891897;;;;;;;
 17.042055;;;;;;;
 16.592518;;;;;;;
 17.117235;;;;;;;
 16.966953;;;;;;;
 16.966953;;;;;;;
 17.192514;;;;;;;
 17.117235;;;;;;;
 16.816959;;;;;;;
 16.891897;;;;;;;
 17.494314;;;;;;;
 17.117235;;;;;;;
 17.192514;;;;;;;
 17.267845;;;;;;;
 17.267845;;;;;;;
 18.483549;;;;;;;
 17.192514;;;;;;;
 17.267845;;;;;;;
 16.816959;;;;;;;
 17.267845;;;;;;;
 17.267845;;;;;;;
 16.294352;;;;;;;
 17.418770;;;;;;;
 17.343269;;;;;;;
 17.418770;;;;;;;
 17.418770;;;;;;;
 17.343269;;;;;;;
 17.494314;;;;;;;
 16.517870;;;;;;;
 17.042055;;;;;;;
 17.418770;;;;;;;
 17.569975;;;;;;;
 17.569975;;;;;;;
 17.569975;;;;;;;
 17.192514;;;;;;;
 17.569975;;;;;;;
 17.645676;;;;;;;
 17.645676;;;;;;;
 17.645676;;;;;;;
 17.569975;;;;;;;
 17.569975;;;;;;;
 17.645676;;;;;;;
 17.569975;;;;;;;
 17.645676;;;;;;;
 18.330545;;;;;;;
 17.645676;;;;;;;
 17.721485;;;;;;;
 17.797356;;;;;;;
 17.721485;;;;;;;
 17.117235;;;;;;;
 17.645676;;;;;;;
 17.797356;;;;;;;
 17.343269;;;;;;;
 16.742064;;;;;;;
 17.797356;;;;;;;
 17.873287;;;;;;;
 17.418770;;;;;;;
 17.645676;;;;;;;
 17.949301;;;;;;;
 17.873287;;;;;;;
 17.873287;;;;;;;
 17.949301;;;;;;;
 17.873287;;;;;;;
 17.873287;;;;;;;
 17.797356;;;;;;;
 17.873287;;;;;;;
 17.949301;;;;;;;
 17.721485;;;;;;;
 17.645676;;;;;;;
 17.949301;;;;;;;
 18.025389;;;;;;;
 17.949301;;;;;;;
 18.025389;;;;;;;
 18.025389;;;;;;;
 18.254135;;;;;;;
 17.721485;;;;;;;
 18.025389;;;;;;;
 18.101578;;;;;;;
 18.025389;;;;;;;
 17.797356;;;;;;;
 17.873287;;;;;;;
 17.267845;;;;;;;
 18.867418;;;;;;;
 18.101578;;;;;;;
 18.101578;;;;;;;
 18.177818;;;;;;;
 19.330547;;;;;;;
 18.177818;;;;;;;
 17.873287;;;;;;;
 18.177818;;;;;;;
 18.101578;;;;;;;
 18.025389;;;;;;;
 18.177818;;;;;;;
 18.177818;;;;;;;
 18.790483;;;;;;;
 18.177818;;;;;;;
 18.101578;;;;;;;
 18.254135;;;;;;;
 18.713661;;;;;;;
 17.949301;;;;;;;
 17.949301;;;;;;;
 17.873287;;;;;;;
 17.949301;;;;;;;
 18.254135;;;;;;;
 18.330545;;;;;;;
 18.330545;;;;;;;
 18.330545;;;;;;;
 18.407001;;;;;;;
 18.330545;;;;;;;
 17.949301;;;;;;;
 18.254135;;;;;;;
 19.796349;;;;;;;
 18.407001;;;;;;;
 18.790483;;;;;;;
 18.407001;;;;;;;
 18.025389;;;;;;;
 18.560192;;;;;;;
 18.407001;;;;;;;
 18.330545;;;;;;;
 18.483549;;;;;;;
 18.713661;;;;;;;
 18.407001;;;;;;;
 18.177818;;;;;;;
 18.177818;;;;;;;
 18.483549;;;;;;;
 18.483549;;;;;;;
 18.483549;;;;;;;
 18.177818;;;;;;;
 18.560192;;;;;;;
 18.177818;;;;;;;
 18.560192;;;;;;;
 18.560192;;;;;;;
 18.560192;;;;;;;
 18.560192;;;;;;;
 18.560192;;;;;;;
 19.175879;;;;;;;
 19.098648;;;;;;;
 17.267845;;;;;;;
 18.560192;;;;;;;
 18.636871;;;;;;;
 18.636871;;;;;;;
 18.483549;;;;;;;
 18.560192;;;;;;;
 18.636871;;;;;;;
 18.636871;;;;;;;
 18.636871;;;;;;;
 18.636871;;;;;;;
 18.636871;;;;;;;
 18.636871;;;;;;;
 18.636871;;;;;;;
 17.418770;;;;;;;
 18.713661;;;;;;;
 18.790483;;;;;;;
 18.713661;;;;;;;
 18.713661;;;;;;;
 18.790483;;;;;;;
 18.867418;;;;;;;
 17.645676;;;;;;;
 18.790483;;;;;;;
 18.790483;;;;;;;
 18.790483;;;;;;;
 19.330547;;;;;;;
 18.867418;;;;;;;
 18.713661;;;;;;;
 18.867418;;;;;;;
 18.330545;;;;;;;
 18.867418;;;;;;;
 18.790483;;;;;;;
 18.790483;;;;;;;
 17.949301;;;;;;;
 18.407001;;;;;;;
 18.944410;;;;;;;
 18.867418;;;;;;;
 18.790483;;;;;;;
 18.790483;;;;;;;
 18.560192;;;;;;;
 18.790483;;;;;;;
 18.944410;;;;;;;
 18.944410;;;;;;;
 17.797356;;;;;;;
 18.867418;;;;;;;
 18.867418;;;;;;;
 18.867418;;;;;;;
 18.560192;;;;;;;
 19.021481;;;;;;;
 18.944410;;;;;;;
 18.636871;;;;;;;
 18.944410;;;;;;;
 18.944410;;;;;;;
 19.175879;;;;;;;
 19.021481;;;;;;;
 19.718519;;;;;;;
 18.944410;;;;;;;
 19.021481;;;;;;;
 19.175879;;;;;;;
 18.944410;;;;;;;
 18.713661;;;;;;;
 18.101578;;;;;;;
 18.636871;;;;;;;
 17.797356;;;;;;;
 19.021481;;;;;;;
 19.098648;;;;;;;
 19.021481;;;;;;;
 19.098648;;;;;;;
 18.944410;;;;;;;
 19.021481;;;;;;;
 19.098648;;;;;;;
 19.098648;;;;;;;
 19.021481;;;;;;;
 19.098648;;;;;;;
 18.790483;;;;;;;
 19.098648;;;;;;;
 19.021481;;;;;;;
 19.253149;;;;;;;
 19.021481;;;;;;;
 19.175879;;;;;;;
 19.098648;;;;;;;
 19.021481;;;;;;;
 19.175879;;;;;;;
 19.098648;;;;;;;
 18.790483;;;;;;;
 19.175879;;;;;;;
 20.264845;;;;;;;
 19.796349;;;;;;;
 19.098648;;;;;;;
 19.874239;;;;;;;
 19.021481;;;;;;;
 19.098648;;;;;;;
 19.021481;;;;;;;
 18.790483;;;;;;;
 19.098648;;;;;;;
 19.098648;;;;;;;
 19.175879;;;;;;;
 18.790483;;;;;;;
 19.253149;;;;;;;
 19.098648;;;;;;;
 18.867418;;;;;;;
 19.253149;;;;;;;
 19.175879;;;;;;;
 19.098648;;;;;;;
 19.253149;;;;;;;
 19.640760;;;;;;;
 19.175879;;;;;;;
 19.175879;;;;;;;
 19.175879;;;;;;;
 19.175879;;;;;;;
 19.952209;;;;;;;
 18.944410;;;;;;;
 19.175879;;;;;;;
 19.175879;;;;;;;
 18.944410;;;;;;;
 19.175879;;;;;;;
 19.175879;;;;;;;
 19.330547;;;;;;;
 19.098648;;;;;;;
 19.330547;;;;;;;
 19.021481;;;;;;;
 19.330547;;;;;;;
 19.253149;;;;;;;
 20.030241;;;;;;;
 19.330547;;;;;;;
 19.253149;;;;;;;
 18.944410;;;;;;;
 19.253149;;;;;;;
 19.021481;;;;;;;
 18.790483;;;;;;;
 19.407969;;;;;;;
 19.330547;;;;;;;
 19.330547;;;;;;;
 19.021481;;;;;;;
 19.563087;;;;;;;
 19.330547;;;;;;;
 19.330547;;;;;;;
 18.944410;;;;;;;
 19.796349;;;;;;;
 19.330547;;;;;;;
 19.330547;;;;;;;
 19.330547;;;;;;;
 19.253149;;;;;;;
 19.330547;;;;;;;
 19.330547;;;;;;;
 19.021481;;;;;;;
 19.407969;;;;;;;
 19.253149;;;;;;;
 19.407969;;;;;;;
 19.253149;;;;;;;
 19.021481;;;;;;;
 19.098648;;;;;;;
 19.407969;;;;;;;
 19.485481;;;;;;;
 19.098648;;;;;;;
 19.407969;;;;;;;
 19.485481;;;;;;;
 19.407969;;;;;;;
 18.483549;;;;;;;
 19.485481;;;;;;;
 19.407969;;;;;;;
 19.253149;;;;;;;
 19.874239;;;;;;;
 19.485481;;;;;;;
 19.485481;;;;;;;
 19.485481;;;;;;;
 19.485481;;;;;;;
 19.952209;;;;;;;
 19.407969;;;;;;;
 19.407969;;;;;;;
 19.563087;;;;;;;
 19.640760;;;;;;;
 19.021481;;;;;;;
 19.485481;;;;;;;
 19.098648;;;;;;;
 19.485481;;;;;;;
 19.407969;;;;;;;
 19.175879;;;;;;;
 19.485481;;;;;;;
 19.563087;;;;;;;
 19.407969;;;;;;;
 19.485481;;;;;;;
 19.407969;;;;;;;
 20.343199;;;;;;;
 19.407969;;;;;;;
 19.175879;;;;;;;
 19.407969;;;;;;;
 19.407969;;;;;;;
 19.253149;;;;;;;
 18.636871;;;;;;;
 19.563087;;;;;;;
 18.407001;;;;;;;
 19.563087;;;;;;;
 19.640760;;;;;;;
 19.253149;;;;;;;
 19.563087;;;;;;;
 19.485481;;;;;;;
 19.407969;;;;;;;
 19.563087;;;;;;;
 18.636871;;;;;;;
 19.563087;;;;;;;
 18.790483;;;;;;;
 19.640760;;;;;;;
 19.485481;;;;;;;
 19.175879;;;;;;;
 19.485481;;;;;;;
 19.640760;;;;;;;
 19.563087;;;;;;;
 19.640760;;;;;;;
 19.563087;;;;;;;
 19.640760;;;;;;;
 19.640760;;;;;;;
 19.563087;;;;;;;
 19.640760;;;;;;;
 19.640760;;;;;;;
 19.253149;;;;;;;
 19.563087;;;;;;;
 19.640760;;;;;;;
 19.640760;;;;;;;
 19.718519;;;;;;;
 19.253149;;;;;;;
 19.640760;;;;;;;
 19.485481;;;;;;;
 19.640760;;;;;;;
 19.640760;;;;;;;
 19.330547;;;;;;;
 19.253149;;;;;;;
 20.108377;;;;;;;
 19.563087;;;;;;;
 19.640760;;;;;;;
 19.718519;;;;;;;
 19.640760;;;;;;;
 19.796349;;;;;;;
 19.718519;;;;;;;
 19.640760;;;;;;;
 19.640760;;;;;;;
 19.640760;;;;;;;
 19.253149;;;;;;;
 19.253149;;;;;;;
 19.563087;;;;;;;
 19.640760;;;;;;;
 19.485481;;;;;;;
 19.330547;;;;;;;
 19.330547;;;;;;;
 19.640760;;;;;;;
 19.563087;;;;;;;
 18.483549;;;;;;;
 19.640760;;;;;;;
 19.718519;;;;;;;
 19.718519;;;;;;;
 19.718519;;;;;;;
 19.640760;;;;;;;
 19.718519;;;;;;;
 19.718519;;;;;;;
 19.640760;;;;;;;
 19.718519;;;;;;;
 19.796349;;;;;;;
 19.640760;;;;;;;
 19.640760;;;;;;;
 19.640760;;;;;;;
 19.718519;;;;;;;
 19.330547;;;;;;;
 19.640760;;;;;;;
 19.640760;;;;;;;
 19.718519;;;;;;;
 19.640760;;;;;;;
 19.407969;;;;;;;
 18.790483;;;;;;;
 19.640760;;;;;;;
 19.718519;;;;;;;
 19.718519;;;;;;;
 19.407969;;;;;;;
 19.718519;;;;;;;
 19.407969;;;;;;;
 20.108377;;;;;;;
 19.718519;;;;;;;
 19.718519;;;;;;;
 18.944410;;;;;;;
 19.718519;;;;;;;
 19.640760;;;;;;;
 19.563087;;;;;;;
 19.718519;;;;;;;
 19.718519;;;;;;;
 20.578653;;;;;;;
 19.407969;;;;;;;
 19.718519;;;;;;;
 19.796349;;;;;;;
 19.718519;;;;;;;
 19.175879;;;;;;;
 19.640760;;;;;;;
 19.796349;;;;;;;
 19.718519;;;;;;;
 19.718519;;;;;;;
 19.718519;;;;;;;
 19.796349;;;;;;;
 19.718519;;;;;;;
 19.407969;;;;;;;
 19.796349;;;;;;;
 19.718519;;;;;;;
 19.796349;;;;;;;
 19.796349;;;;;;;
 20.264845;;;;;;;
 19.640760;;;;;;;
 19.718519;;;;;;;
 19.718519;;;;;;;
 19.407969;;;;;;;
 19.098648;;;;;;;
 19.407969;;;;;;;
 19.796349;;;;;;;
 19.796349;;;;;;;
 19.952209;;;;;;;
 19.796349;;;;;;;
 19.796349;;;;;;;
 19.796349;;;;;;;
 19.718519;;;;;;;
 19.796349;;;;;;;
 19.718519;;;;;;;
 20.343199;;;;;;;
 19.952209;;;;;;;
 19.640760;;;;;;;
 19.718519;;;;;;;
 19.796349;;;;;;;
 19.874239;;;;;;;
 19.640760;;;;;;;
 19.718519;;;;;;;
 19.796349;;;;;;;
 19.718519;;;;;;;
 19.952209;;;;;;;
 19.796349;;;;;;;
 19.407969;;;;;;;
 19.407969;;;;;;;
 19.796349;;;;;;;
 19.874239;;;;;;;
 19.175879;;;;;;;
 19.796349;;;;;;;
 19.485481;;;;;;;
 19.718519;;;;;;;
 19.796349;;;;;;;
 19.718519;;;;;;;
 19.796349;;;;;;;
 19.796349;;;;;;;
 19.874239;;;;;;;
 19.718519;;;;;;;
 19.796349;;;;;;;
 19.796349;;;;;;;
 19.874239;;;;;;;
 19.718519;;;;;;;
 19.874239;;;;;;;
 19.485481;;;;;;;
 19.796349;;;;;;;
 19.796349;;;;;;;
 19.718519;;;;;;;
 19.796349;;;;;;;
 19.330547;;;;;;;
 19.407969;;;;;;;
 19.796349;;;;;;;
 19.874239;;;;;;;
 19.874239;;;;;;;
 19.796349;;;;;;;
 19.485481;;;;;;;
 19.796349;;;;;;;
 19.874239;;;;;;;
 20.186575;;;;;;;
 19.874239;;;;;;;
 19.874239;;;;;;;
 19.952209;;;;;;;
 19.796349;;;;;;;
 19.563087;;;;;;;
 19.485481;;;;;;;
 19.796349;;;;;;;
 19.485481;;;;;;;
 19.640760;;;;;;;
 19.874239;;;;;;;
 19.796349;;;;;;;
 19.874239;;;;;;;
 19.796349;;;;;;;
 19.796349;;;;;;;
 19.874239;;;;;;;
 19.874239;;;;;;;
 19.874239;;;;;;;
 19.874239;;;;;;;
 19.874239;;;;;;;
 19.874239;;;;;;;
 19.874239;;;;;;;
 20.108377;;;;;;;
 19.874239;;;;;;;
 19.874239;;;;;;;
 19.485481;;;;;;;
 19.796349;;;;;;;
 20.186575;;;;;;;
 19.874239;;;;;;;
 19.485481;;;;;;;
 19.874239;;;;;;;
 19.874239;;;;;;;
 19.874239;;;;;;;
 19.796349;;;;;;;
 20.186575;;;;;;;
 19.874239;;;;;;;
 19.874239;;;;;;;
 19.874239;;;;;;;
 19.874239;;;;;;;
 19.874239;;;;;;;
 19.874239;;;;;;;
 19.485481;;;;;;;
 19.874239;;;;;;;
 19.874239;;;;;;;
 19.874239;;;;;;;
 19.485481;;;;;;;
 19.407969;;;;;;;
 19.874239;;;;;;;
 19.874239;;;;;;;
 19.952209;;;;;;;
 20.186575;;;;;;;
 19.874239;;;;;;;
 19.874239;;;;;;;
 19.874239;;;;;;;
 19.874239;;;;;;;
 19.874239;;;;;;;
 19.874239;;;;;;;
 19.952209;;;;;;;
 19.563087;;;;;;;
 19.563087;;;;;;;
 20.108377;;;;;;;
 19.952209;;;;;;;
 21.051662;;;;;;;
 19.874239;;;;;;;
 19.796349;;;;;;;
 20.108377;;;;;;;
 19.718519;;;;;;;
 19.952209;;;;;;;
 19.874239;;;;;;;
 19.796349;;;;;;;
 19.563087;;;;;;;
 19.796349;;;;;;;
 19.796349;;;;;;;
 19.952209;;;;;;;
 19.874239;;;;;;;
 19.485481;;;;;;;
 19.952209;;;;;;;
 19.874239;;;;;;;
 19.952209;;;;;;;
 19.952209;;;;;;;
 19.952209;;;;;;;
 19.952209;;;;;;;
 19.874239;;;;;;;
 19.796349;;;;;;;
 19.874239;;;;;;;
 19.874239;;;;;;;
 19.874239;;;;;;;
 19.952209;;;;;;;
 20.421597;;;;;;;
 19.952209;;;;;;;
 19.796349;;;;;;;
 19.952209;;;;;;;
 19.874239;;;;;;;
 19.874239;;;;;;;
 19.874239;;;;;;;
 19.874239;;;;;;;
 19.874239;;;;;;;
 19.874239;;;;;;;
 19.874239;;;;;;;
 19.952209;;;;;;;
 19.874239;;;;;;;
 21.051662;;;;;;;
 19.485481;;;;;;;
 19.485481;;;;;;;
 19.485481;;;;;;;
 19.874239;;;;;;;
 19.952209;;;;;;;
 19.485481;;;;;;;
 19.952209;;;;;;;
 19.952209;;;;;;;
 19.874239;;;;;;;
 19.874239;;;;;;;
 19.796349;;;;;;;
 19.952209;;;;;;;
 19.874239;;;;;;;
 19.952209;;;;;;;
 19.407969;;;;;;;
 20.264845;;;;;;;
 19.874239;;;;;;;
 19.952209;;;;;;;
 19.874239;;;;;;;
 19.640760;;;;;;;
 19.952209;;;;;;;
 19.952209;;;;;;;
 19.952209;;;;;;;
 19.952209;;;;;;;
 19.796349;;;;;;;
 19.952209;;;;;;;
 20.421597;;;;;;;
 19.874239;;;;;;;
 19.952209;;;;;;;
 19.563087;;;;;;;
 19.952209;;;;;;;
 19.874239;;;;;;;
 19.796349;;;;;;;
 19.952209;;;;;;;
 20.030241;;;;;;;
 19.485481;;;;;;;
 19.952209;;;;;;;
 20.186575;;;;;;;
 20.186575;;;;;;;
 19.874239;;;;;;;
 19.952209;;;;;;;
 19.874239;;;;;;;
 19.796349;;;;;;;
 19.952209;;;;;;;
 19.952209;;;;;;;
 19.952209;;;;;;;
 19.952209;;;;;;;
 19.640760;;;;;;;
 19.874239;;;;;;;
 19.952209;;;;;;;
 19.952209;;;;;;;
 19.952209;;;;;;;
 20.030241;;;;;;;
 19.952209;;;;;;;
 19.874239;;;;;;;
 19.952209;;;;;;;
 19.874239;;;;;;;
 19.952209;;;;;;;
 19.874239;;;;;;;
 19.952209;;;;;;;
 19.796349;;;;;;;
 19.874239;;;;;;;
 19.952209;;;;;;;
 19.874239;;;;;;;
 19.952209;;;;;;;
 19.874239;;;;;;;
 19.952209;;;;;;;
 19.952209;;;;;;;
 19.952209;;;;;;;
 19.952209;;;;;;;
 19.874239;;;;;;;
 19.563087;;;;;;;
 19.952209;;;;;;;
 20.030241;;;;;;;
 19.485481;;;;;;;
 19.952209;;;;;;;
 19.952209;;;;;;;
 19.952209;;;;;;;
 19.952209;;;;;;;
 20.030241;;;;;;;
 19.952209;;;;;;;
 19.952209;;;;;;;
 19.796349;;;;;;;
 19.874239;;;;;;;
 19.952209;;;;;;;
 19.952209;;;;;;;
 20.108377;;;;;;;
 19.563087;;;;;;;
 20.814829;;;;;;;
 20.030241;;;;;;;
 20.108377;;;;;;;
 20.736042;;;;;;;
 19.952209;;;;;;;
 19.021481;;;;;;;
 20.030241;;;;;;;
 20.343199;;;;;;;
 19.874239;;;;;;;
 19.952209;;;;;;;
 19.952209;;;;;;;
 20.186575;;;;;;;
 19.485481;;;;;;;
 19.874239;;;;;;;
 19.874239;;;;;;;
 19.718519;;;;;;;
 19.563087;;;;;;;
 19.952209;;;;;;;
 20.030241;;;;;;;
 19.952209;;;;;;;
 18.790483;;;;;;;
 19.874239;;;;;;;
 19.952209;;;;;;;
 19.952209;;;;;;;
 19.563087;;;;;;;
 19.021481;;;;;;;
 19.952209;;;;;;;
 20.030241;;;;;;;
 19.952209;;;;;;;
 20.030241;;;;;;;
 20.186575;;;;;;;
 19.952209;;;;;;;
 20.030241;;;;;;;
 20.343199;;;;;;;
 19.952209;;;;;;;
 19.952209;;;;;;;
 19.952209;;;;;;;
 19.952209;;;;;;;
 19.952209;;;;;;;
 19.485481;;;;;;;
 20.030241;;;;;;;
 20.030241;;;;;;;
 19.952209;;;;;;;
 19.952209;;;;;;;
 19.952209;;;;;;;
 19.874239;;;;;;;
 20.030241;;;;;;;
 19.952209;;;;;;;
 20.030241;;;;;;;
 19.952209;;;;;;;
 19.952209;;;;;;;
 19.640760;;;;;;;
 20.030241;;;;;;;
 20.030241;;;;;;;
 20.657326;;;;;;;
 20.030241;;;;;;;
 19.485481;;;;;;;
 19.952209;;;;;;;
 19.718519;;;;;;;
 19.952209;;;;;;;
 19.485481;;;;;;;
 19.874239;;;;;;;
 20.030241;;;;;;;
 19.952209;;;;;;;
 19.952209;;;;;;;
 20.030241;;;;;;;
 19.952209;;;;;;;
 19.563087;;;;;;;
 19.563087;;;;;;;
 19.718519;;;;;;;
 20.030241;;;;;;;
 20.030241;;;;;;;
 19.640760;;;;;;;
 19.874239;;;;;;;
 19.640760;;;;;;;
 20.030241;;;;;;;
 20.030241;;;;;;;
 19.952209;;;;;;;
 20.421597;;;;;;;
 19.175879;;;;;;;
 20.030241;;;;;;;
 19.952209;;;;;;;
 19.640760;;;;;;;
 19.952209;;;;;;;
 19.952209;;;;;;;
 20.030241;;;;;;;
 19.952209;;;;;;;
 20.108377;;;;;;;
 20.030241;;;;;;;
 18.944410;;;;;;;
 20.030241;;;;;;;
 20.030241;;;;;;;
 19.718519;;;;;;;
 20.030241;;;;;;;
 20.030241;;;;;;;
 20.030241;;;;;;;
 19.952209;;;;;;;
 19.796349;;;;;;;
 20.030241;;;;;;;
 20.030241;;;;;;;
 20.030241;;;;;;;
 19.952209;;;;;;;
 20.030241;;;;;;;
 19.952209;;;;;;;
 20.030241;;;;;;;
 20.030241;;;;;;;
 20.030241;;;;;;;
 20.030241;;;;;;;
 20.186575;;;;;;;
 20.030241;;;;;;;
 19.952209;;;;;;;
 18.713661;;;;;;;
 19.640760;;;;;;;
 20.108377;;;;;;;
 19.718519;;;;;;;
 20.030241;;;;;;;
 20.108377;;;;;;;
 19.253149;;;;;;;
 20.030241;;;;;;;
 20.030241;;;;;;;
 19.952209;;;;;;;
 20.030241;;;;;;;
 20.108377;;;;;;;
 20.030241;;;;;;;
 19.796349;;;;;;;
 19.874239;;;;;;;
 19.098648;;;;;;;
 20.108377;;;;;;;
 20.030241;;;;;;;
 18.867418;;;;;;;
 19.796349;;;;;;;
 19.718519;;;;;;;
 20.108377;;;;;;;
 20.030241;;;;;;;
 20.108377;;;;;;;
 20.030241;;;;;;;
 19.952209;;;;;;;
 20.108377;;;;;;;
 20.030241;;;;;;;
 19.640760;;;;;;;
 19.874239;;;;;;;
 20.030241;;;;;;;
 20.030241;;;;;;;
 20.108377;;;;;;;
 19.718519;;;;;;;
 20.030241;;;;;;;
 20.108377;;;;;;;
 20.030241;;;;;;;
 19.952209;;;;;;;
 20.108377;;;;;;;
 19.718519;;;;;;;
 20.030241;;;;;;;
 20.030241;;;;;;;
 20.030241;;;;;;;
 20.030241;;;;;;;
 20.030241;;;;;;;
 20.108377;;;;;;;
 20.030241;;;;;;;
 20.030241;;;;;;;
 20.030241;;;;;;;
 20.030241;;;;;;;
 20.108377;;;;;;;
 20.108377;;;;;;;
 20.030241;;;;;;;
 19.718519;;;;;;;
 19.640760;;;;;;;
 20.030241;;;;;;;
 20.030241;;;;;;;
 19.952209;;;;;;;
 20.108377;;;;;;;
 20.030241;;;;;;;
 20.030241;;;;;;;
 20.108377;;;;;;;
 20.108377;;;;;;;
 20.030241;;;;;;;
 19.563087;;;;;;;
 19.874239;;;;;;;
 19.407969;;;;;;;
 20.343199;;;;;;;
 20.500101;;;;;;;
 20.030241;;;;;;;
 20.030241;;;;;;;
 20.108377;;;;;;;
 19.718519;;;;;;;
 19.718519;;;;;;;
 19.718519;;;;;;;
 20.030241;;;;;;;
 19.952209;;;;;;;
 20.030241;;;;;;;
 20.108377;;;;;;;
 18.790483;;;;;;;
 19.796349;;;;;;;
 20.030241;;;;;;;
 20.108377;;;;;;;
 19.952209;;;;;;;
 20.108377;;;;;;;
 20.108377;;;;;;;
 20.030241;;;;;;;
 20.108377;;;;;;;
 20.108377;;;;;;;
 19.796349;;;;;;;
 19.952209;;;;;;;
 20.108377;;;;;;;
 19.952209;;;;;;;
 20.108377;;;;;;;
 20.030241;;;;;;;
 20.030241;;;;;;;
 18.944410;;;;;;;
 20.657326;;;;;;;
 20.030241;;;;;;;
 19.952209;;;;;;;
 20.030241;;;;;;;
 20.578653;;;;;;;
 20.030241;;;;;;;
 20.030241;;;;;;;
 20.030241;;;;;;;
 20.030241;;;;;;;
 20.030241;;;;;;;
 20.030241;;;;;;;
 19.021481;;;;;;;
 19.253149;;;;;;;
 19.640760;;;;;;;
 20.108377;;;;;;;
 20.343199;;;;;;;
 20.108377;;;;;;;
 20.030241;;;;;;;
 18.713661;;;;;;;
 20.030241;;;;;;;
 20.108377;;;;;;;
 20.108377;;;;;;;
 20.030241;;;;;;;
 19.640760;;;;;;;
 20.108377;;;;;;;
 20.500101;;;;;;;
 20.108377;;;;;;;
 20.030241;;;;;;;
 20.030241;;;;;;;
 20.108377;;;;;;;
 20.108377;;;;;;;
 19.563087;;;;;;;
 20.030241;;;;;;;
 20.030241;;;;;;;
 19.640760;;;;;;;
 20.030241;;;;;;;
 20.736042;;;;;;;
 19.407969;;;;;;;
 19.952209;;;;;;;
 20.108377;;;;;;;
 20.657326;;;;;;;
 20.736042;;;;;;;
 19.718519;;;;;;;
 20.030241;;;;;;;
 20.421597;;;;;;;
 19.175879;;;;;;;
 19.952209;;;;;;;
 20.030241;;;;;;;
 20.030241;;;;;;;
 20.030241;;;;;;;
 20.030241;;;;;;;
 20.030241;;;;;;;
 20.108377;;;;;;;
 20.030241;;;;;;;
 19.563087;;;;;;;
 20.030241;;;;;;;
 20.108377;;;;;;;
 19.952209;;;;;;;
 20.108377;;;;;;;
 18.867418;;;;;;;
 19.952209;;;;;;;
 20.030241;;;;;;;
 20.108377;;;;;;;
 20.108377;;;;;;;
 20.030241;;;;;;;
 20.030241;;;;;;;
 20.108377;;;;;;;
 20.108377;;;;;;;
 19.952209;;;;;;;
 20.108377;;;;;;;
 20.030241;;;;;;;
 20.030241;;;;;;;
 20.186575;;;;;;;
 19.640760;;;;;;;
 20.108377;;;;;;;
 20.108377;;;;;;;
 20.108377;;;;;;;
 20.108377;;;;;;;
 20.108377;;;;;;;
 20.030241;;;;;;;
 20.108377;;;;;;;
 19.952209;;;;;;;
 18.790483;;;;;;;
 20.108377;;;;;;;
 20.108377;;;;;;;
 20.108377;;;;;;;
 20.108377;;;;;;;
 20.108377;;;;;;;
 20.108377;;;;;;;
 20.030241;;;;;;;
 19.796349;;;;;;;
 19.952209;;;;;;;
 20.030241;;;;;;;
 19.874239;;;;;;;
 20.186575;;;;;;;
 20.030241;;;;;;;
 19.718519;;;;;;;
 20.030241;;;;;;;
 19.640760;;;;;;;
 20.030241;;;;;;;
 20.030241;;;;;;;
 19.718519;;;;;;;
 20.108377;;;;;;;
 20.108377;;;;;;;
 20.736042;;;;;;;
 20.030241;;;;;;;
 20.814829;;;;;;;
 20.108377;;;;;;;
 19.952209;;;;;;;
 20.030241;;;;;;;
 19.952209;;;;;;;
 20.814829;;;;;;;
 19.952209;;;;;;;
 20.030241;;;;;;;
 20.030241;;;;;;;
 19.952209;;;;;;;
 20.030241;;;;;;;
 20.108377;;;;;;;
 19.952209;;;;;;;
 20.030241;;;;;;;
 20.030241;;;;;;;
 20.030241;;;;;;;
 20.030241;;;;;;;
 20.108377;;;;;;;
 20.030241;;;;;;;
 20.030241;;;;;;;
 18.944410;;;;;;;
 20.030241;;;;;;;
 19.485481;;;;;;;
 20.030241;;;;;;;
 19.718519;;;;;;;
 20.108377;;;;;;;
 20.030241;;;;;;;
 20.030241;;;;;;;
 19.640760;;;;;;;
 20.108377;;;;;;;
 20.030241;;;;;;;
 20.108377;;;;;;;
 19.175879;;;;;;;
 19.874239;;;;;;;
 20.108377;;;;;;;
 20.421597;;;;;;;
